SET NAMES utf8;
SET foreign_key_checks = 0;
SET time_zone = '-05:00';
SET sql_mode = 'NO_AUTO_VALUE_ON_ZERO';

DROP VIEW IF EXISTS `agents_view`;
CREATE TABLE `agents_view` (`agent_id` int(6), `agent` varchar(40), `name` varchar(50), `extension` varchar(120));


DROP TABLE IF EXISTS `cc_recordings`;
CREATE TABLE `cc_recordings` (
  `cc_recordings_id` int(11) NOT NULL AUTO_INCREMENT,
  `uniqueid` varchar(40) NOT NULL DEFAULT '',
  `filename` varchar(500) DEFAULT NULL,
  `filepath` varchar(500) DEFAULT NULL,
  PRIMARY KEY (`cc_recordings_id`)
) ENGINE=InnoDB DEFAULT CHARSET=latin1;

INSERT INTO `cc_recordings` (`cc_recordings_id`, `uniqueid`, `filename`, `filepath`) VALUES
(29,	'1396987176.28',	'q5005-20140409-035936-1396987176.28',	'monitor/2014-04-09/'),
(30,	'1396988527.36',	'q5005-20140409-042208-1396988527.36',	'monitor/2014-04-09/'),
(31,	'1396988652.40',	'q5005-20140409-042412-1396988652.40',	'monitor/2014-04-09/'),
(32,	'1396989571.8',	'q5005-20140409-043931-1396989571.8.wav',	'monitor/2014-04-09/'),
(33,	'1396989594.12',	'q5005-20140409-043955-1396989594.12.wav',	'monitor/2014-04-09/'),
(34,	'1396996568.16',	'q5005-20140409-063608-1396996568.16',	'monitor/2014-04-09/'),
(35,	'1396996584.20',	'q5005-20140409-063624-1396996584.20.wav',	'monitor/2014-04-09/'),
(36,	'1396321624.20',	'q5001-20140401-110704-1396321624.20.wav',	'monitor/2014-04-01/'),
(37,	'1396321967.32',	'q5001-20140401-111247-1396321967.32.wav',	'monitor/2014-04-01/'),
(38,	'1396323369.48',	'q5001-20140401-113610-1396323369.48.wav',	'monitor/2014-04-01/'),
(39,	'1396324285.74',	'q5001-20140401-115125-1396324285.74.wav',	'monitor/2014-04-01/'),
(40,	'1396324681.82',	'q5001-20140401-115801-1396324681.82.wav',	'monitor/2014-04-01/'),
(41,	'1396325715.86',	'q5001-20140401-121515-1396325715.86.wav',	'monitor/2014-04-01/'),
(42,	'1396325927.97',	'q5001-20140401-121926-1396325927.97.wav',	'monitor/2014-04-01/'),
(43,	'1396419173.241',	'q5002-20140402-141253-1396419173.241.wav',	'monitor/2014-04-02/'),
(44,	'1396419312.245',	'q5002-20140402-141513-1396419312.245.wav',	'monitor/2014-04-02/'),
(45,	'1396421628.249',	'q5002-20140402-145349-1396421628.249.wav',	'monitor/2014-04-02/'),
(46,	'1396424230.253',	'q5002-20140402-153711-1396424230.253.wav',	'monitor/2014-04-02/'),
(47,	'1396426836.257',	'q5002-20140402-162036-1396426836.257.wav',	'monitor/2014-04-02/'),
(48,	'1396434451.261',	'q5002-20140402-182731-1396434451.261.wav',	'monitor/2014-04-02/'),
(49,	'1396439180.265',	'q5002-20140402-194621-1396439180.265.wav',	'monitor/2014-04-02/'),
(50,	'1396493498.298',	'q5001-20140403-105208-1396493498.298.wav',	'monitor/2014-04-03/'),
(51,	'1396494017.326',	'q5001-20140403-110047-1396494017.326.wav',	'monitor/2014-04-03/'),
(52,	'1396494237.376',	'q5001-20140403-110427-1396494237.376.wav',	'monitor/2014-04-03/'),
(53,	'1396498038.595',	'q5001-20140403-120718-1396498038.595.wav',	'monitor/2014-04-03/'),
(54,	'1396498134.646',	'q5001-20140403-120854-1396498134.646.wav',	'monitor/2014-04-03/'),
(55,	'1396498159.661',	'q5001-20140403-120919-1396498159.661.wav',	'monitor/2014-04-03/'),
(56,	'1396498431.670',	'q5001-20140403-121351-1396498431.670.wav',	'monitor/2014-04-03/'),
(57,	'1396498744.696',	'q5001-20140403-121904-1396498744.696.wav',	'monitor/2014-04-03/'),
(58,	'1396506927.728',	'q5001-20140403-143527-1396506927.728.wav',	'monitor/2014-04-03/'),
(59,	'1396507001.760',	'q5001-20140403-143641-1396507001.760.wav',	'monitor/2014-04-03/'),
(60,	'1396508218.981',	'q5001-20140403-145658-1396508218.981.wav',	'monitor/2014-04-03/'),
(61,	'1396498018.591',	'q5002-20140403-120658-1396498018.591.wav',	'monitor/2014-04-03/'),
(62,	'1396508373.994',	'q5001-20140403-145934-1396508373.994.wav',	'monitor/2014-04-03/'),
(63,	'1396498482.692',	'q5002-20140403-121443-1396498482.692.wav',	'monitor/2014-04-03/'),
(64,	'1396509255.1010',	'q5001-20140403-151415-1396509255.1010.wav',	'monitor/2014-04-03/'),
(65,	'1396507068.777',	'q5002-20140403-143749-1396507068.777.wav',	'monitor/2014-04-03/'),
(66,	'1396511643.1024',	'q5001-20140403-155403-1396511643.1024.wav',	'monitor/2014-04-03/'),
(67,	'1396508354.990',	'q5002-20140403-145914-1396508354.990.wav',	'monitor/2014-04-03/'),
(68,	'1396512805.1056',	'q5001-20140403-161325-1396512805.1056.wav',	'monitor/2014-04-03/'),
(69,	'1396508710.1002',	'q5002-20140403-150510-1396508710.1002.wav',	'monitor/2014-04-03/'),
(70,	'1396513230.1060',	'q5001-20140403-162030-1396513230.1060.wav',	'monitor/2014-04-03/'),
(71,	'1396509347.1014',	'q5002-20140403-151547-1396509347.1014.wav',	'monitor/2014-04-03/'),
(72,	'1396491856.271',	'q5002-20140403-102502-1396491856.271.wav',	'monitor/2014-04-03/'),
(73,	'1396511583.1018',	'q5002-20140403-155303-1396511583.1018.wav',	'monitor/2014-04-03/'),
(74,	'1396494581.487',	'q5002-20140403-110941-1396494581.487.wav',	'monitor/2014-04-03/'),
(75,	'1396512557.1037',	'q5002-20140403-160917-1396512557.1037.wav',	'monitor/2014-04-03/'),
(76,	'1396494632.491',	'q5002-20140403-111032-1396494632.491.wav',	'monitor/2014-04-03/'),
(77,	'1396512664.1043',	'q5002-20140403-161104-1396512664.1043.wav',	'monitor/2014-04-03/'),
(78,	'1396497853.503',	'q5002-20140403-120413-1396497853.503.wav',	'monitor/2014-04-03/'),
(79,	'1396512789.1052',	'q5002-20140403-161309-1396512789.1052.wav',	'monitor/2014-04-03/'),
(80,	'',	'q5001-20140409-022720-1396981640.0.wav',	'monitor/2014-04-09/'),
(81,	'',	'q5001-20140409-023640-1396982200.4.wav',	'monitor/2014-04-09/'),
(82,	'',	'q5001-20140409-031500-1396984500.8.wav',	'monitor/2014-04-09/'),
(83,	'1396998489.24',	'q5005-20140409-070809-1396998489.24.wav',	'monitor/2014-04-09/'),
(84,	'1397000379.28',	'q5001-20140409-073939-1397000379.28.wav',	'monitor/2014-04-09/'),
(85,	'1397003415.46',	'q5001-20140409-083015-1397003415.46.wav',	'monitor/2014-04-09/'),
(86,	'1397003415.46',	'q5001-20140409-083015-1397003415.46.wav',	'monitor/2014-04-09/'),
(87,	'1397003415.46',	'q5001-20140409-083015-1397003415.46.wav',	'monitor/2014-04-09/'),
(88,	'1397003415.46',	'q5001-20140409-083015-1397003415.46.wav',	'monitor/2014-04-09/'),
(89,	'1397004102.50',	'q5001-20140409-084142-1397004102.50.wav',	'monitor/2014-04-09/'),
(90,	'1397003415.46',	'q5001-20140409-083015-1397003415.46.wav',	'monitor/2014-04-09/'),
(91,	'1397003415.46',	'q5001-20140409-083015-1397003415.46.wav',	'monitor/2014-04-09/'),
(92,	'1397003415.46',	'q5001-20140409-083015-1397003415.46.wav',	'monitor/2014-04-09/'),
(93,	'1397003415.46',	'q5001-20140409-083015-1397003415.46.wav',	'monitor/2014-04-09/'),
(94,	'1397003415.46',	'q5001-20140409-084756-1397004476.54.wav',	'monitor/2014-04-09/'),
(95,	'1397004535.58',	'q5001-20140409-084855-1397004535.58.wav',	'monitor/2014-04-09/'),
(96,	'1397004912.64',	'q5002-20140409-085512-1397004912.64',	''),
(97,	'1397004980.71',	'q5002-20140409-085620-1397004980.71',	''),
(98,	'1397005204.82',	'q5001-20140409-090004-1397005204.82.wav',	'monitor/2014-04-09/'),
(99,	'1397005354.86',	'q5002-20140409-090234-1397005354.86.wav',	'monitor/2014-04-09/'),
(100,	'1397005475.94',	'q5001-20140409-090435-1397005475.94.wav',	'monitor/2014-04-09/'),
(101,	'1397005669.98',	'q5001-20140409-090749-1397005669.98.wav',	'monitor/2014-04-09/'),
(102,	'1397005457.90',	'q5002-20140409-090417-1397005457.90.wav',	'monitor/2014-04-09/'),
(103,	'1397006532.102',	'q5002-20140409-092213-1397006532.102.wav',	'monitor/2014-04-09/'),
(104,	'1397006675.110',	'q5001-20140409-092435-1397006675.110.wav',	'monitor/2014-04-09/'),
(105,	'1397006661.106',	'q5002-20140409-092421-1397006661.106.wav',	'monitor/2014-04-09/'),
(106,	'1397007316.114',	'q5002-20140409-093516-1397007316.114.wav',	'monitor/2014-04-09/'),
(107,	'1397007345.118',	'q5001-20140409-093545-1397007345.118.wav',	'monitor/2014-04-09/'),
(108,	'1397008131.126',	'q5001-20140409-094851-1397008131.126.wav',	'monitor/2014-04-09/'),
(109,	'1397008090.122',	'q5002-20140409-094811-1397008090.122.wav',	'monitor/2014-04-09/'),
(110,	'1397015743.130',	'q5001-20140409-115614-1397015743.130.wav',	'monitor/2014-04-09/'),
(111,	'1397117414.134',	'q5001-20140410-161015-1397117414.134.wav',	'monitor/2014-04-10/'),
(112,	'1397117547.138',	'q5001-20140410-161257-1397117547.138.wav',	'monitor/2014-04-10/'),
(113,	'1397118417.142',	'q5001-20140410-162727-1397118417.142.wav',	'monitor/2014-04-10/'),
(114,	'1397118639.146',	'q5001-20140410-163110-1397118639.146.wav',	'monitor/2014-04-10/'),
(115,	'1397119258.150',	'q5001-20140410-164129-1397119258.150.wav',	'monitor/2014-04-10/'),
(116,	'1397119546.154',	'q5001-20140410-164616-1397119546.154.wav',	'monitor/2014-04-10/'),
(117,	'1397120379.158',	'q5001-20140410-165939-1397120379.158.wav',	'monitor/2014-04-10/'),
(118,	'1397120504.167',	'q5001-20140410-170145-1397120504.167',	'');

DROP TABLE IF EXISTS `pbx_queues_config`;
CREATE TABLE `pbx_queues_config` (
  `extension` varchar(20) NOT NULL DEFAULT '',
  `descr` varchar(35) NOT NULL DEFAULT '',
  `grppre` varchar(100) NOT NULL DEFAULT '',
  `alertinfo` varchar(254) NOT NULL DEFAULT '',
  `ringing` tinyint(1) NOT NULL DEFAULT '0',
  `maxwait` varchar(8) NOT NULL DEFAULT '',
  `password` varchar(20) NOT NULL DEFAULT '',
  `ivr_id` varchar(8) NOT NULL DEFAULT '0',
  `dest` varchar(50) NOT NULL DEFAULT '',
  `cwignore` tinyint(1) NOT NULL DEFAULT '0',
  `queuewait` tinyint(1) DEFAULT '0',
  `use_queue_context` tinyint(1) DEFAULT '0',
  `togglehint` tinyint(1) DEFAULT '0',
  `qnoanswer` tinyint(1) DEFAULT '0',
  `callconfirm` tinyint(1) DEFAULT '0',
  `callconfirm_id` int(11) DEFAULT NULL,
  `qregex` varchar(255) DEFAULT NULL,
  `agentannounce_id` int(11) DEFAULT NULL,
  `joinannounce_id` int(11) DEFAULT NULL,
  `monitor_type` varchar(5) DEFAULT NULL,
  `monitor_heard` int(11) DEFAULT NULL,
  `monitor_spoken` int(11) DEFAULT NULL,
  PRIMARY KEY (`extension`)
) ENGINE=MyISAM DEFAULT CHARSET=latin1;

INSERT INTO `pbx_queues_config` (`extension`, `descr`, `grppre`, `alertinfo`, `ringing`, `maxwait`, `password`, `ivr_id`, `dest`, `cwignore`, `queuewait`, `use_queue_context`, `togglehint`, `qnoanswer`, `callconfirm`, `callconfirm_id`, `qregex`, `agentannounce_id`, `joinannounce_id`, `monitor_type`, `monitor_heard`, `monitor_spoken`) VALUES
('5001',	'Q1',	'',	'',	0,	'',	'',	'1',	'app-blackhole,hangup,1',	1,	0,	0,	0,	0,	0,	0,	'',	0,	0,	'',	0,	0),
('5002',	'Q2',	'',	'',	0,	'',	'',	'2',	'app-blackhole,hangup,1',	1,	0,	0,	0,	0,	0,	0,	'',	0,	0,	'',	0,	0),
('5003',	'Q3',	'',	'',	0,	'',	'',	'3',	'app-blackhole,hangup,1',	1,	0,	0,	0,	0,	0,	0,	'',	0,	0,	'',	0,	0),
('5004',	'Q4',	'',	'',	0,	'',	'',	'5',	'app-blackhole,hangup,1',	1,	0,	0,	0,	0,	0,	0,	'',	0,	0,	'',	0,	0),
('5005',	'Q5',	'',	'',	0,	'',	'',	'6',	'app-blackhole,hangup,1',	1,	0,	0,	0,	0,	0,	0,	'',	0,	0,	'',	0,	0);

DROP TABLE IF EXISTS `pbx_users`;
CREATE TABLE `pbx_users` (
  `extension` varchar(20) NOT NULL DEFAULT '',
  `password` varchar(20) DEFAULT NULL,
  `name` varchar(50) DEFAULT NULL,
  `voicemail` varchar(50) DEFAULT NULL,
  `ringtimer` int(3) DEFAULT NULL,
  `noanswer` varchar(100) DEFAULT NULL,
  `recording` varchar(50) DEFAULT NULL,
  `outboundcid` varchar(50) DEFAULT NULL,
  `sipname` varchar(50) DEFAULT NULL,
  `noanswer_cid` varchar(20) NOT NULL DEFAULT '',
  `busy_cid` varchar(20) NOT NULL DEFAULT '',
  `chanunavail_cid` varchar(20) NOT NULL DEFAULT '',
  `noanswer_dest` varchar(255) NOT NULL DEFAULT '',
  `busy_dest` varchar(255) NOT NULL DEFAULT '',
  `chanunavail_dest` varchar(255) NOT NULL DEFAULT '',
  `mohclass` varchar(80) DEFAULT 'default'
) ENGINE=MyISAM DEFAULT CHARSET=latin1;

INSERT INTO `pbx_users` (`extension`, `password`, `name`, `voicemail`, `ringtimer`, `noanswer`, `recording`, `outboundcid`, `sipname`, `noanswer_cid`, `busy_cid`, `chanunavail_cid`, `noanswer_dest`, `busy_dest`, `chanunavail_dest`, `mohclass`) VALUES
('1001',	'5169',	'Agent1',	'novm',	0,	'',	'',	'',	'',	'',	'',	'',	'',	'',	'',	'default'),
('1002',	'0728',	'Agent2',	'novm',	0,	'',	'',	'',	'',	'',	'',	'',	'',	'',	'',	'default'),
('1003',	'9918',	'Agent3',	'novm',	0,	'',	'',	'',	'',	'',	'',	'',	'',	'',	'',	'default'),
('2001',	'6838',	'Agent4',	'novm',	0,	'',	'',	'',	'',	'',	'',	'',	'',	'',	'',	'default'),
('2003',	'3350',	'Agent5',	'novm',	0,	'',	'',	'',	'',	'',	'',	'',	'',	'',	'',	'default');

DROP TABLE IF EXISTS `pg_incident_detail`;
CREATE TABLE `pg_incident_detail` (
  `uniqueid` varchar(50) NOT NULL,
  `incidentid` varchar(50) NOT NULL,
  UNIQUE KEY `uniqueid_incidentid` (`uniqueid`,`incidentid`)
) ENGINE=MyISAM DEFAULT CHARSET=latin1;

INSERT INTO `pg_incident_detail` (`uniqueid`, `incidentid`) VALUES
('1397003415.46',	'SC14-00179'),
('1397004476.54',	'SC14-00180'),
('1397004535.58',	'SC14-00181'),
('1397004912.64',	'SC14-00182'),
('1397004980.71',	'SC14-00028'),
('1397005204.82',	'SC14-00183'),
('1397005354.86',	'SC14-00184'),
('1397005457.90',	'SC14-00185'),
('1397005475.94',	'SC14-00186'),
('1397005669.98',	'SC14-00187'),
('1397006532.102',	'SC14-00189'),
('1397006661.106',	'SC14-00190'),
('1397006675.110',	'SC14-00191'),
('1397007316.114',	'SC14-00192'),
('1397007345.118',	'SC14-00193'),
('1397008090.122',	'SC14-00194'),
('1397008131.126',	'SC14-00195'),
('1397015743.130',	'SC14-00197'),
('1397117414.134',	'SC14-00198'),
('1397117547.138',	'SC14-00199'),
('1397118417.142',	'SC14-00200'),
('1397118639.146',	'SC14-00201'),
('1397119258.150',	'SC14-00202'),
('1397119546.154',	'SC14-00203'),
('1397120379.158',	'SC14-00203'),
('1397120504.167',	'SC14-00203');

DROP TABLE IF EXISTS `qagent`;
CREATE TABLE `qagent` (
  `agent_id` int(6) NOT NULL AUTO_INCREMENT,
  `agent` varchar(40) NOT NULL DEFAULT '',
  PRIMARY KEY (`agent_id`)
) ENGINE=MyISAM DEFAULT CHARSET=utf8;

INSERT INTO `qagent` (`agent_id`, `agent`) VALUES
(-1,	'ALL'),
(1,	'NONE'),
(2,	'Agent/1001'),
(3,	'Agent/1002'),
(4,	'Agent/1003'),
(5,	'Agent/2003'),
(10,	'Agent/2001');

DROP TABLE IF EXISTS `qevent`;
CREATE TABLE `qevent` (
  `event_id` int(11) NOT NULL AUTO_INCREMENT,
  `event` varchar(40) DEFAULT NULL,
  PRIMARY KEY (`event_id`)
) ENGINE=MyISAM DEFAULT CHARSET=utf8;

INSERT INTO `qevent` (`event_id`, `event`) VALUES
(1,	'ABANDON'),
(2,	'ADDMEMBER'),
(3,	'AGENTCALLBACKLOGIN'),
(4,	'AGENTCALLBACKLOGOFF'),
(5,	'AGENTDUMP'),
(6,	'AGENTLOGIN'),
(7,	'AGENTLOGOFF'),
(8,	'AGENTPAUSED'),
(9,	'COMPLETEAGENT'),
(10,	'COMPLETECALLER'),
(11,	'CONFIGRELOAD'),
(12,	'CONNECT'),
(13,	'CONNECTED'),
(14,	'DID'),
(15,	'ENTERQUEUE'),
(16,	'EXITEMPTY'),
(17,	'EXITWITHKEY'),
(18,	'EXITWITHTIMEOUT'),
(19,	'NONE'),
(20,	'PAUSE'),
(21,	'PAUSEALL'),
(22,	'PAUSECUSTOM'),
(23,	'QUEUESTART'),
(24,	'REMOVEMEMBER'),
(25,	'RINGNOANSWER'),
(26,	'TRANSFER'),
(27,	'UNPAUSE'),
(28,	'UNPAUSEALL');

DROP TABLE IF EXISTS `qname`;
CREATE TABLE `qname` (
  `queue_id` int(11) NOT NULL AUTO_INCREMENT,
  `queue` varchar(40) NOT NULL DEFAULT '',
  PRIMARY KEY (`queue_id`)
) ENGINE=MyISAM DEFAULT CHARSET=utf8;

INSERT INTO `qname` (`queue_id`, `queue`) VALUES
(-1,	'ALL'),
(1,	'NONE'),
(2,	'5001'),
(3,	'5004'),
(4,	'5005'),
(5,	'5002'),
(6,	'5003');

DROP VIEW IF EXISTS `queues_view`;
CREATE TABLE `queues_view` (`queue_id` int(11), `queue` varchar(40), `queue_name` varchar(35));


DROP TABLE IF EXISTS `queue_stats`;
CREATE TABLE `queue_stats` (
  `queue_stats_id` int(12) NOT NULL AUTO_INCREMENT,
  `uniqueid` varchar(40) DEFAULT NULL,
  `datetime` timestamp NOT NULL DEFAULT '0000-00-00 00:00:00',
  `qname` int(6) DEFAULT NULL,
  `qagent` int(6) DEFAULT NULL,
  `qevent` int(2) DEFAULT NULL,
  `info1` varchar(40) DEFAULT NULL,
  `info2` varchar(40) DEFAULT NULL,
  `info3` varchar(40) DEFAULT NULL,
  `info4` varchar(40) DEFAULT NULL,
  `info5` varchar(40) DEFAULT NULL,
  PRIMARY KEY (`queue_stats_id`),
  UNIQUE KEY `unico` (`uniqueid`,`datetime`,`qname`,`qagent`,`qevent`),
  KEY `ixevent` (`qevent`),
  KEY `ixdate` (`datetime`),
  KEY `ixuni` (`uniqueid`),
  KEY `ixagent` (`qagent`),
  KEY `borrame` (`uniqueid`,`qagent`,`datetime`),
  KEY `unico2` (`queue_stats_id`,`uniqueid`,`qagent`,`qevent`,`qname`)
) ENGINE=MyISAM DEFAULT CHARSET=utf8;

INSERT INTO `queue_stats` (`queue_stats_id`, `uniqueid`, `datetime`, `qname`, `qagent`, `qevent`, `info1`, `info2`, `info3`, `info4`, `info5`) VALUES
(6,	'NONE',	'2014-03-27 05:32:04',	1,	2,	11,	NULL,	NULL,	NULL,	NULL,	NULL),
(5,	'NONE',	'2014-03-27 05:22:02',	1,	2,	11,	NULL,	NULL,	NULL,	NULL,	NULL),
(4,	'NONE',	'2014-03-27 05:22:02',	1,	2,	23,	NULL,	NULL,	NULL,	NULL,	NULL),
(7,	'NONE',	'2014-03-27 05:35:52',	1,	2,	11,	NULL,	NULL,	NULL,	NULL,	NULL),
(8,	'NONE',	'2014-03-27 05:45:54',	1,	2,	11,	NULL,	NULL,	NULL,	NULL,	NULL),
(9,	'NONE',	'2014-03-27 05:55:08',	1,	2,	11,	NULL,	NULL,	NULL,	NULL,	NULL),
(10,	'NONE',	'2014-03-27 05:57:43',	1,	2,	11,	NULL,	NULL,	NULL,	NULL,	NULL),
(11,	'NONE',	'2014-03-27 06:01:00',	1,	2,	11,	NULL,	NULL,	NULL,	NULL,	NULL),
(12,	'1395914496.5',	'2014-03-27 06:01:36',	2,	2,	15,	'',	'1001',	'1',	NULL,	NULL),
(13,	'1395914496.5',	'2014-03-27 06:01:38',	2,	3,	25,	'2000',	NULL,	NULL,	NULL,	NULL),
(14,	'1395914496.5',	'2014-03-27 06:01:39',	2,	4,	25,	'3000',	NULL,	NULL,	NULL,	NULL),
(15,	'1395914496.5',	'2014-03-27 06:01:45',	2,	5,	25,	'9000',	NULL,	NULL,	NULL,	NULL),
(16,	'1395914496.5',	'2014-03-27 06:01:50',	2,	3,	25,	'0',	NULL,	NULL,	NULL,	NULL),
(17,	'1395914496.5',	'2014-03-27 06:01:50',	2,	4,	25,	'0',	NULL,	NULL,	NULL,	NULL),
(18,	'1395914496.5',	'2014-03-27 06:01:54',	2,	5,	25,	'4000',	NULL,	NULL,	NULL,	NULL),
(19,	'1395914496.5',	'2014-03-27 06:02:00',	2,	3,	25,	'1000',	NULL,	NULL,	NULL,	NULL),
(20,	'1395914496.5',	'2014-03-27 06:02:00',	2,	4,	25,	'1000',	NULL,	NULL,	NULL,	NULL),
(21,	'1395914496.5',	'2014-03-27 06:02:03',	2,	5,	12,	'27',	'1395914519.20',	'3',	NULL,	NULL),
(22,	'1395914496.5',	'2014-03-27 06:02:43',	2,	5,	10,	'27',	'40',	'1',	NULL,	NULL),
(23,	'1395914598.27',	'2014-03-27 06:03:18',	2,	2,	15,	'',	'1001',	'1',	NULL,	NULL),
(24,	'1395914598.27',	'2014-03-27 06:03:19',	2,	3,	25,	'1000',	NULL,	NULL,	NULL,	NULL),
(25,	'1395914598.27',	'2014-03-27 06:03:20',	2,	4,	25,	'2000',	NULL,	NULL,	NULL,	NULL),
(26,	'1395914598.27',	'2014-03-27 06:03:22',	2,	5,	12,	'4',	'1395914598.28',	'3',	NULL,	NULL),
(27,	'1395914598.27',	'2014-03-27 06:03:42',	2,	5,	10,	'4',	'20',	'1',	NULL,	NULL),
(28,	'1395914710.35',	'2014-03-27 06:05:11',	2,	2,	15,	'',	'1001',	'1',	NULL,	NULL),
(29,	'1395914710.35',	'2014-03-27 06:05:13',	2,	4,	25,	'2000',	NULL,	NULL,	NULL,	NULL),
(30,	'1395914710.35',	'2014-03-27 06:05:14',	2,	3,	25,	'3000',	NULL,	NULL,	NULL,	NULL),
(31,	'1395914710.35',	'2014-03-27 06:05:18',	2,	5,	12,	'7',	'1395914711.36',	'7',	NULL,	NULL),
(32,	'1395914710.35',	'2014-03-27 06:05:46',	2,	5,	10,	'7',	'28',	'1',	NULL,	NULL),
(33,	'NONE',	'2014-03-27 07:29:18',	1,	2,	11,	NULL,	NULL,	NULL,	NULL,	NULL),
(34,	'1395919801.43',	'2014-03-27 07:30:01',	2,	2,	15,	'',	'1001',	'1',	NULL,	NULL),
(35,	'1395919801.43',	'2014-03-27 07:30:04',	2,	3,	25,	'3000',	NULL,	NULL,	NULL,	NULL),
(36,	'1395919801.43',	'2014-03-27 07:30:05',	2,	4,	25,	'4000',	NULL,	NULL,	NULL,	NULL),
(37,	'1395919801.43',	'2014-03-27 07:30:16',	2,	5,	25,	'15000',	NULL,	NULL,	NULL,	NULL),
(38,	'1395919801.43',	'2014-03-27 07:30:16',	2,	4,	25,	'15000',	NULL,	NULL,	NULL,	NULL),
(39,	'1395919801.43',	'2014-03-27 07:30:16',	2,	3,	25,	'15000',	NULL,	NULL,	NULL,	NULL),
(40,	'1395919801.43',	'2014-03-27 07:30:22',	2,	3,	25,	'1000',	NULL,	NULL,	NULL,	NULL),
(41,	'1395919801.43',	'2014-03-27 07:30:24',	2,	4,	25,	'3000',	NULL,	NULL,	NULL,	NULL),
(42,	'1395919801.43',	'2014-03-27 07:30:36',	2,	5,	25,	'15000',	NULL,	NULL,	NULL,	NULL),
(43,	'1395919801.43',	'2014-03-27 07:30:36',	2,	4,	25,	'15000',	NULL,	NULL,	NULL,	NULL),
(44,	'1395919801.43',	'2014-03-27 07:30:36',	2,	3,	25,	'15000',	NULL,	NULL,	NULL,	NULL),
(45,	'1395919801.43',	'2014-03-27 07:30:42',	2,	3,	25,	'1000',	NULL,	NULL,	NULL,	NULL),
(46,	'1395919801.43',	'2014-03-27 07:30:43',	2,	4,	25,	'2000',	NULL,	NULL,	NULL,	NULL),
(47,	'1395919801.43',	'2014-03-27 07:30:44',	2,	5,	12,	'43',	'1395919841.58',	'2',	NULL,	NULL),
(48,	'1395919801.43',	'2014-03-27 07:31:00',	2,	5,	10,	'43',	'16',	'1',	NULL,	NULL),
(49,	'NONE',	'2014-03-27 07:32:08',	1,	2,	11,	NULL,	NULL,	NULL,	NULL,	NULL),
(50,	'1395919957.65',	'2014-03-27 07:32:37',	2,	2,	15,	'',	'1001',	'1',	NULL,	NULL),
(51,	'1395919957.65',	'2014-03-27 07:32:37',	2,	4,	25,	'0',	NULL,	NULL,	NULL,	NULL),
(52,	'1395919957.65',	'2014-03-27 07:32:37',	2,	3,	25,	'0',	NULL,	NULL,	NULL,	NULL),
(53,	'1395919957.65',	'2014-03-27 07:32:45',	2,	5,	12,	'8',	'1395919957.66',	'8',	NULL,	NULL),
(54,	'1395919957.65',	'2014-03-27 07:32:54',	2,	5,	10,	'8',	'9',	'1',	NULL,	NULL),
(55,	'NONE',	'2014-03-30 13:47:13',	1,	2,	23,	NULL,	NULL,	NULL,	NULL,	NULL),
(56,	'NONE',	'2014-03-30 13:47:13',	1,	2,	11,	NULL,	NULL,	NULL,	NULL,	NULL),
(57,	'NONE',	'2014-03-30 13:51:42',	1,	2,	11,	NULL,	NULL,	NULL,	NULL,	NULL),
(58,	'NONE',	'2014-03-30 14:02:08',	1,	2,	11,	NULL,	NULL,	NULL,	NULL,	NULL),
(59,	'NONE',	'2014-03-30 14:16:50',	1,	2,	11,	NULL,	NULL,	NULL,	NULL,	NULL),
(60,	'NONE',	'2014-03-30 14:17:48',	1,	2,	11,	NULL,	NULL,	NULL,	NULL,	NULL),
(61,	'NONE',	'2014-03-30 14:19:53',	1,	2,	11,	NULL,	NULL,	NULL,	NULL,	NULL),
(62,	'NONE',	'2014-03-30 14:25:51',	1,	2,	11,	NULL,	NULL,	NULL,	NULL,	NULL),
(63,	'NONE',	'2014-03-30 14:38:47',	1,	2,	11,	NULL,	NULL,	NULL,	NULL,	NULL),
(64,	'NONE',	'2014-03-30 14:53:30',	1,	2,	11,	NULL,	NULL,	NULL,	NULL,	NULL),
(65,	'NONE',	'2014-03-30 15:01:45',	1,	2,	11,	NULL,	NULL,	NULL,	NULL,	NULL),
(66,	'NONE',	'2014-03-30 15:03:43',	1,	2,	11,	NULL,	NULL,	NULL,	NULL,	NULL),
(67,	'NONE',	'2014-03-30 15:08:14',	1,	2,	11,	NULL,	NULL,	NULL,	NULL,	NULL),
(68,	'NONE',	'2014-03-30 15:11:49',	1,	2,	11,	NULL,	NULL,	NULL,	NULL,	NULL),
(69,	'NONE',	'2014-03-30 15:11:58',	1,	2,	11,	NULL,	NULL,	NULL,	NULL,	NULL),
(70,	'NONE',	'2014-03-30 15:12:36',	1,	2,	11,	NULL,	NULL,	NULL,	NULL,	NULL),
(71,	'NONE',	'2014-03-30 15:13:17',	1,	2,	11,	NULL,	NULL,	NULL,	NULL,	NULL),
(72,	'NONE',	'2014-03-30 15:15:14',	1,	2,	23,	NULL,	NULL,	NULL,	NULL,	NULL),
(73,	'NONE',	'2014-03-30 15:15:14',	1,	2,	11,	NULL,	NULL,	NULL,	NULL,	NULL),
(74,	'NONE',	'2014-03-30 15:21:53',	1,	2,	11,	NULL,	NULL,	NULL,	NULL,	NULL),
(75,	'NONE',	'2014-03-30 15:23:47',	1,	2,	11,	NULL,	NULL,	NULL,	NULL,	NULL),
(76,	'NONE',	'2014-03-30 15:27:22',	1,	2,	11,	NULL,	NULL,	NULL,	NULL,	NULL),
(77,	'NONE',	'2014-03-30 15:29:11',	1,	2,	11,	NULL,	NULL,	NULL,	NULL,	NULL),
(78,	'NONE',	'2014-03-30 15:57:21',	1,	2,	11,	NULL,	NULL,	NULL,	NULL,	NULL),
(79,	'NONE',	'2014-03-30 15:58:22',	1,	2,	11,	NULL,	NULL,	NULL,	NULL,	NULL),
(80,	'NONE',	'2014-03-30 16:05:51',	1,	2,	11,	NULL,	NULL,	NULL,	NULL,	NULL),
(81,	'NONE',	'2014-03-30 16:05:58',	1,	2,	11,	NULL,	NULL,	NULL,	NULL,	NULL),
(82,	'NONE',	'2014-03-30 16:26:25',	1,	2,	11,	NULL,	NULL,	NULL,	NULL,	NULL),
(83,	'NONE',	'2014-03-30 18:30:39',	1,	2,	11,	NULL,	NULL,	NULL,	NULL,	NULL),
(84,	'NONE',	'2014-03-30 18:42:27',	1,	2,	23,	NULL,	NULL,	NULL,	NULL,	NULL),
(85,	'NONE',	'2014-03-30 18:42:27',	1,	2,	11,	NULL,	NULL,	NULL,	NULL,	NULL),
(86,	'NONE',	'2014-03-31 05:03:08',	1,	2,	11,	NULL,	NULL,	NULL,	NULL,	NULL),
(87,	'NONE',	'2014-03-31 20:42:01',	1,	2,	23,	NULL,	NULL,	NULL,	NULL,	NULL),
(88,	'NONE',	'2014-03-31 20:42:01',	1,	2,	11,	NULL,	NULL,	NULL,	NULL,	NULL),
(89,	'CLI',	'2014-03-31 20:42:45',	2,	6,	2,	NULL,	NULL,	NULL,	NULL,	NULL),
(90,	'1396312977.5',	'2014-03-31 20:42:57',	2,	2,	15,	'',	'2004',	'1',	NULL,	NULL),
(91,	'1396312977.5',	'2014-03-31 20:43:03',	2,	6,	12,	'6',	'1396312977.6',	'6',	NULL,	NULL),
(92,	'1396312977.5',	'2014-03-31 20:43:13',	2,	6,	10,	'6',	'10',	'1',	NULL,	NULL),
(93,	'1396317391.9',	'2014-03-31 21:56:31',	2,	2,	15,	'',	'2004',	'1',	NULL,	NULL),
(94,	'1396317391.9',	'2014-03-31 21:56:46',	2,	6,	25,	'15000',	NULL,	NULL,	NULL,	NULL),
(95,	'1396317391.9',	'2014-03-31 21:56:46',	2,	2,	1,	'1',	'1',	'15',	NULL,	NULL),
(96,	'1396318216.13',	'2014-03-31 22:10:16',	2,	2,	15,	'',	'2004',	'1',	NULL,	NULL),
(97,	'1396318216.13',	'2014-03-31 22:10:23',	2,	6,	12,	'7',	'1396318216.14',	'6',	NULL,	NULL),
(98,	'1396318216.13',	'2014-03-31 22:11:17',	2,	6,	10,	'7',	'54',	'1',	NULL,	NULL),
(99,	'NONE',	'2014-03-31 22:35:33',	1,	2,	11,	NULL,	NULL,	NULL,	NULL,	NULL),
(100,	'NONE',	'2014-03-31 22:38:19',	1,	2,	11,	NULL,	NULL,	NULL,	NULL,	NULL),
(101,	'NONE',	'2014-03-31 22:38:54',	1,	2,	11,	NULL,	NULL,	NULL,	NULL,	NULL),
(102,	'NONE',	'2014-03-31 22:39:07',	1,	2,	11,	NULL,	NULL,	NULL,	NULL,	NULL),
(103,	'1396320909.17',	'2014-03-31 22:55:09',	2,	2,	15,	'',	'2004',	'1',	NULL,	NULL),
(104,	'1396320909.17',	'2014-03-31 22:55:13',	2,	6,	12,	'4',	'1396320909.18',	'3',	NULL,	NULL),
(105,	'1396320909.17',	'2014-03-31 22:55:21',	2,	6,	10,	'4',	'8',	'1',	NULL,	NULL),
(106,	'1396321031.21',	'2014-03-31 22:57:11',	2,	2,	15,	'',	'2004',	'1',	NULL,	NULL),
(107,	'1396321031.21',	'2014-03-31 22:57:15',	2,	6,	12,	'4',	'1396321031.22',	'3',	NULL,	NULL),
(108,	'1396321031.21',	'2014-03-31 22:57:20',	2,	6,	10,	'4',	'5',	'1',	NULL,	NULL),
(109,	'1396321242.25',	'2014-03-31 23:00:42',	2,	2,	15,	'',	'2004',	'1',	NULL,	NULL),
(110,	'1396321242.25',	'2014-03-31 23:00:57',	2,	6,	25,	'15000',	NULL,	NULL,	NULL,	NULL),
(111,	'1396321242.25',	'2014-03-31 23:01:17',	2,	6,	25,	'15000',	NULL,	NULL,	NULL,	NULL),
(112,	'1396321242.25',	'2014-03-31 23:01:37',	2,	6,	25,	'15000',	NULL,	NULL,	NULL,	NULL),
(113,	'1396321242.25',	'2014-03-31 23:01:46',	2,	2,	1,	'1',	'1',	'64',	NULL,	NULL),
(114,	'1396321535.38',	'2014-03-31 23:05:35',	2,	2,	15,	'',	'2004',	'1',	NULL,	NULL),
(115,	'1396321535.38',	'2014-03-31 23:05:50',	2,	6,	25,	'15000',	NULL,	NULL,	NULL,	NULL),
(116,	'1396321535.38',	'2014-03-31 23:06:04',	2,	2,	1,	'1',	'1',	'29',	NULL,	NULL),
(117,	'1396321774.45',	'2014-03-31 23:09:35',	2,	2,	15,	'',	'2004',	'1',	NULL,	NULL),
(118,	'1396321774.45',	'2014-03-31 23:09:50',	2,	6,	25,	'15000',	NULL,	NULL,	NULL,	NULL),
(119,	'1396321774.45',	'2014-03-31 23:10:00',	2,	2,	1,	'1',	'1',	'25',	NULL,	NULL),
(120,	'1396321839.52',	'2014-03-31 23:10:39',	2,	2,	15,	'',	'2004',	'1',	NULL,	NULL),
(121,	'1396321839.52',	'2014-03-31 23:10:42',	2,	2,	1,	'1',	'1',	'3',	NULL,	NULL),
(122,	'1396321912.56',	'2014-03-31 23:11:52',	2,	2,	15,	'',	'2004',	'1',	NULL,	NULL),
(123,	'1396321912.56',	'2014-03-31 23:11:55',	2,	2,	1,	'1',	'1',	'3',	NULL,	NULL),
(124,	'1396321950.60',	'2014-03-31 23:12:30',	2,	2,	15,	'',	'2004',	'1',	NULL,	NULL),
(125,	'1396321950.60',	'2014-03-31 23:12:45',	2,	2,	1,	'1',	'1',	'15',	NULL,	NULL),
(126,	'1396321976.64',	'2014-03-31 23:12:56',	2,	2,	15,	'',	'2004',	'1',	NULL,	NULL),
(127,	'1396321976.64',	'2014-03-31 23:13:01',	2,	2,	1,	'1',	'1',	'5',	NULL,	NULL),
(128,	'1396322015.68',	'2014-03-31 23:13:35',	2,	2,	15,	'',	'2004',	'1',	NULL,	NULL),
(129,	'1396322015.68',	'2014-03-31 23:13:50',	2,	6,	25,	'15000',	NULL,	NULL,	NULL,	NULL),
(130,	'1396322015.68',	'2014-03-31 23:14:08',	2,	2,	1,	'1',	'1',	'33',	NULL,	NULL),
(131,	'1396322071.76',	'2014-03-31 23:14:31',	2,	2,	15,	'',	'2004',	'1',	NULL,	NULL),
(132,	'1396322071.76',	'2014-03-31 23:14:36',	2,	2,	1,	'1',	'1',	'5',	NULL,	NULL),
(133,	'1396322254.80',	'2014-03-31 23:17:34',	2,	2,	15,	'',	'2004',	'1',	NULL,	NULL),
(134,	'1396322254.80',	'2014-03-31 23:17:47',	2,	2,	1,	'1',	'1',	'13',	NULL,	NULL),
(135,	'1396322279.84',	'2014-03-31 23:17:59',	2,	2,	15,	'',	'2004',	'1',	NULL,	NULL),
(136,	'1396322279.84',	'2014-03-31 23:18:14',	2,	6,	25,	'15000',	NULL,	NULL,	NULL,	NULL),
(137,	'1396322311.91',	'2014-03-31 23:18:31',	2,	2,	15,	'',	'2004',	'2',	NULL,	NULL),
(138,	'1396322279.84',	'2014-03-31 23:18:34',	2,	6,	25,	'15000',	NULL,	NULL,	NULL,	NULL),
(139,	'1396322311.91',	'2014-03-31 23:18:35',	2,	2,	1,	'2',	'2',	'4',	NULL,	NULL),
(140,	'1396322279.84',	'2014-03-31 23:18:43',	2,	2,	1,	'1',	'1',	'44',	NULL,	NULL),
(141,	'1396322339.95',	'2014-03-31 23:18:59',	2,	2,	15,	'',	'2004',	'1',	NULL,	NULL),
(142,	'1396322339.95',	'2014-03-31 23:19:02',	2,	2,	1,	'1',	'1',	'3',	NULL,	NULL),
(143,	'1396324163.99',	'2014-03-31 23:49:23',	2,	2,	15,	'',	'2004',	'1',	NULL,	NULL),
(144,	'1396324163.99',	'2014-03-31 23:49:23',	2,	6,	25,	'0',	NULL,	NULL,	NULL,	NULL),
(145,	'1396324163.99',	'2014-03-31 23:49:26',	2,	2,	1,	'1',	'1',	'3',	NULL,	NULL),
(146,	'1396324175.102',	'2014-03-31 23:49:35',	2,	2,	15,	'',	'2004',	'1',	NULL,	NULL),
(147,	'1396324175.102',	'2014-03-31 23:49:35',	2,	6,	25,	'0',	NULL,	NULL,	NULL,	NULL),
(148,	'1396324175.102',	'2014-03-31 23:49:41',	2,	6,	25,	'1000',	NULL,	NULL,	NULL,	NULL),
(149,	'1396324175.102',	'2014-03-31 23:49:46',	2,	6,	25,	'0',	NULL,	NULL,	NULL,	NULL),
(150,	'1396324175.102',	'2014-03-31 23:49:51',	2,	6,	25,	'0',	NULL,	NULL,	NULL,	NULL),
(151,	'1396324175.102',	'2014-03-31 23:49:54',	2,	2,	1,	'1',	'1',	'19',	NULL,	NULL),
(152,	'1396324200.111',	'2014-03-31 23:50:00',	2,	2,	15,	'',	'2004',	'1',	NULL,	NULL),
(153,	'1396324200.111',	'2014-03-31 23:50:00',	2,	6,	25,	'0',	NULL,	NULL,	NULL,	NULL),
(154,	'1396324200.111',	'2014-03-31 23:50:05',	2,	6,	25,	'0',	NULL,	NULL,	NULL,	NULL),
(155,	'1396324200.111',	'2014-03-31 23:50:10',	2,	6,	25,	'0',	NULL,	NULL,	NULL,	NULL),
(156,	'1396324200.111',	'2014-03-31 23:50:15',	2,	6,	25,	'0',	NULL,	NULL,	NULL,	NULL),
(157,	'1396324200.111',	'2014-03-31 23:50:20',	2,	6,	25,	'0',	NULL,	NULL,	NULL,	NULL),
(158,	'1396324200.111',	'2014-03-31 23:50:23',	2,	2,	1,	'1',	'1',	'23',	NULL,	NULL),
(159,	'1396324291.122',	'2014-03-31 23:51:31',	2,	2,	15,	'',	'2004',	'1',	NULL,	NULL),
(160,	'1396324291.122',	'2014-03-31 23:51:31',	2,	6,	25,	'0',	NULL,	NULL,	NULL,	NULL),
(161,	'1396324291.122',	'2014-03-31 23:51:36',	2,	6,	25,	'0',	NULL,	NULL,	NULL,	NULL),
(162,	'1396324291.122',	'2014-03-31 23:51:41',	2,	6,	25,	'0',	NULL,	NULL,	NULL,	NULL),
(163,	'1396324291.122',	'2014-03-31 23:51:46',	2,	6,	25,	'0',	NULL,	NULL,	NULL,	NULL),
(164,	'1396324291.122',	'2014-03-31 23:51:51',	2,	6,	25,	'0',	NULL,	NULL,	NULL,	NULL),
(165,	'1396324291.122',	'2014-03-31 23:51:56',	2,	6,	25,	'0',	NULL,	NULL,	NULL,	NULL),
(166,	'1396324291.122',	'2014-03-31 23:52:01',	2,	6,	25,	'0',	NULL,	NULL,	NULL,	NULL),
(167,	'1396324291.122',	'2014-03-31 23:52:06',	2,	6,	25,	'0',	NULL,	NULL,	NULL,	NULL),
(168,	'1396324291.122',	'2014-03-31 23:52:11',	2,	6,	25,	'0',	NULL,	NULL,	NULL,	NULL),
(169,	'1396324291.122',	'2014-03-31 23:52:16',	2,	6,	25,	'0',	NULL,	NULL,	NULL,	NULL),
(170,	'1396324291.122',	'2014-03-31 23:52:19',	2,	2,	1,	'1',	'1',	'48',	NULL,	NULL),
(171,	'1396324470.143',	'2014-03-31 23:54:31',	2,	2,	15,	'',	'2004',	'1',	NULL,	NULL),
(172,	'1396324470.143',	'2014-03-31 23:54:31',	2,	6,	25,	'0',	NULL,	NULL,	NULL,	NULL),
(173,	'1396324470.143',	'2014-03-31 23:54:36',	2,	6,	25,	'0',	NULL,	NULL,	NULL,	NULL),
(174,	'1396324470.143',	'2014-03-31 23:54:41',	2,	6,	25,	'0',	NULL,	NULL,	NULL,	NULL),
(175,	'1396324470.143',	'2014-03-31 23:54:46',	2,	6,	25,	'0',	NULL,	NULL,	NULL,	NULL),
(176,	'1396324470.143',	'2014-03-31 23:54:51',	2,	6,	25,	'0',	NULL,	NULL,	NULL,	NULL),
(177,	'1396324470.143',	'2014-03-31 23:54:56',	2,	6,	25,	'0',	NULL,	NULL,	NULL,	NULL),
(178,	'1396324470.143',	'2014-03-31 23:55:01',	2,	6,	25,	'0',	NULL,	NULL,	NULL,	NULL),
(179,	'1396324470.143',	'2014-03-31 23:55:06',	2,	6,	25,	'0',	NULL,	NULL,	NULL,	NULL),
(180,	'1396324470.143',	'2014-03-31 23:55:11',	2,	6,	25,	'0',	NULL,	NULL,	NULL,	NULL),
(181,	'1396324470.143',	'2014-03-31 23:55:16',	2,	6,	25,	'0',	NULL,	NULL,	NULL,	NULL),
(182,	'1396324470.143',	'2014-03-31 23:55:21',	2,	6,	25,	'0',	NULL,	NULL,	NULL,	NULL),
(183,	'1396324470.143',	'2014-03-31 23:55:26',	2,	6,	25,	'0',	NULL,	NULL,	NULL,	NULL),
(184,	'1396324470.143',	'2014-03-31 23:55:31',	2,	6,	25,	'0',	NULL,	NULL,	NULL,	NULL),
(185,	'1396324470.143',	'2014-03-31 23:55:36',	2,	6,	25,	'0',	NULL,	NULL,	NULL,	NULL),
(186,	'1396324470.143',	'2014-03-31 23:55:41',	2,	6,	25,	'0',	NULL,	NULL,	NULL,	NULL),
(187,	'1396324470.143',	'2014-03-31 23:55:46',	2,	6,	25,	'0',	NULL,	NULL,	NULL,	NULL),
(188,	'1396324470.143',	'2014-03-31 23:55:51',	2,	6,	25,	'0',	NULL,	NULL,	NULL,	NULL),
(189,	'1396324470.143',	'2014-03-31 23:55:56',	2,	6,	25,	'0',	NULL,	NULL,	NULL,	NULL),
(190,	'1396324470.143',	'2014-03-31 23:56:01',	2,	6,	25,	'0',	NULL,	NULL,	NULL,	NULL),
(191,	'1396324470.143',	'2014-03-31 23:56:06',	2,	6,	25,	'0',	NULL,	NULL,	NULL,	NULL),
(192,	'1396324470.143',	'2014-03-31 23:56:10',	2,	2,	1,	'1',	'1',	'99',	NULL,	NULL),
(193,	'1396324650.184',	'2014-03-31 23:57:30',	2,	2,	15,	'',	'2004',	'1',	NULL,	NULL),
(194,	'1396324650.184',	'2014-03-31 23:57:30',	2,	6,	25,	'0',	NULL,	NULL,	NULL,	NULL),
(195,	'1396324650.184',	'2014-03-31 23:57:35',	2,	6,	25,	'0',	NULL,	NULL,	NULL,	NULL),
(196,	'1396324650.184',	'2014-03-31 23:57:40',	2,	6,	25,	'0',	NULL,	NULL,	NULL,	NULL),
(197,	'1396324650.184',	'2014-03-31 23:57:45',	2,	6,	25,	'0',	NULL,	NULL,	NULL,	NULL),
(198,	'1396324650.184',	'2014-03-31 23:57:50',	2,	6,	25,	'0',	NULL,	NULL,	NULL,	NULL),
(199,	'1396324650.184',	'2014-03-31 23:57:55',	2,	6,	25,	'0',	NULL,	NULL,	NULL,	NULL),
(200,	'1396324650.184',	'2014-03-31 23:58:00',	2,	6,	25,	'0',	NULL,	NULL,	NULL,	NULL),
(201,	'1396324650.184',	'2014-03-31 23:58:03',	2,	2,	1,	'1',	'1',	'33',	NULL,	NULL),
(202,	'1396324690.199',	'2014-03-31 23:58:10',	2,	2,	15,	'',	'2004',	'1',	NULL,	NULL),
(203,	'1396324690.199',	'2014-03-31 23:58:10',	2,	6,	25,	'0',	NULL,	NULL,	NULL,	NULL),
(204,	'1396324690.199',	'2014-03-31 23:58:15',	2,	6,	25,	'0',	NULL,	NULL,	NULL,	NULL),
(205,	'1396324690.199',	'2014-03-31 23:58:20',	2,	6,	25,	'0',	NULL,	NULL,	NULL,	NULL),
(206,	'1396324690.199',	'2014-03-31 23:58:25',	2,	6,	25,	'0',	NULL,	NULL,	NULL,	NULL),
(207,	'1396324690.199',	'2014-03-31 23:58:30',	2,	6,	25,	'0',	NULL,	NULL,	NULL,	NULL),
(208,	'1396324690.199',	'2014-03-31 23:58:35',	2,	6,	25,	'0',	NULL,	NULL,	NULL,	NULL),
(209,	'1396324690.199',	'2014-03-31 23:58:40',	2,	6,	25,	'0',	NULL,	NULL,	NULL,	NULL),
(210,	'1396324690.199',	'2014-03-31 23:58:45',	2,	6,	25,	'0',	NULL,	NULL,	NULL,	NULL),
(211,	'1396324690.199',	'2014-03-31 23:58:51',	2,	6,	25,	'1000',	NULL,	NULL,	NULL,	NULL),
(212,	'1396324690.199',	'2014-03-31 23:58:56',	2,	6,	25,	'0',	NULL,	NULL,	NULL,	NULL),
(213,	'1396324690.199',	'2014-03-31 23:59:01',	2,	6,	25,	'0',	NULL,	NULL,	NULL,	NULL),
(214,	'1396324690.199',	'2014-03-31 23:59:06',	2,	6,	25,	'0',	NULL,	NULL,	NULL,	NULL),
(215,	'1396324690.199',	'2014-03-31 23:59:11',	2,	6,	25,	'0',	NULL,	NULL,	NULL,	NULL),
(216,	'1396324690.199',	'2014-03-31 23:59:16',	2,	6,	25,	'0',	NULL,	NULL,	NULL,	NULL),
(217,	'1396324690.199',	'2014-03-31 23:59:16',	2,	2,	1,	'1',	'1',	'66',	NULL,	NULL),
(218,	'1396324761.228',	'2014-03-31 23:59:21',	2,	2,	15,	'',	'2004',	'1',	NULL,	NULL),
(219,	'1396324761.228',	'2014-03-31 23:59:21',	2,	6,	25,	'0',	NULL,	NULL,	NULL,	NULL),
(220,	'1396324761.228',	'2014-03-31 23:59:25',	2,	2,	1,	'1',	'1',	'4',	NULL,	NULL),
(221,	'1396324770.231',	'2014-03-31 23:59:31',	2,	2,	15,	'',	'2004',	'1',	NULL,	NULL),
(222,	'1396324770.231',	'2014-03-31 23:59:31',	2,	6,	25,	'0',	NULL,	NULL,	NULL,	NULL),
(223,	'1396324770.231',	'2014-03-31 23:59:36',	2,	6,	25,	'0',	NULL,	NULL,	NULL,	NULL),
(224,	'1396324770.231',	'2014-03-31 23:59:39',	2,	2,	1,	'1',	'1',	'8',	NULL,	NULL),
(225,	'1396325270.236',	'2014-04-01 00:07:50',	2,	2,	15,	'',	'2004',	'1',	NULL,	NULL),
(226,	'1396325270.236',	'2014-04-01 00:07:50',	2,	6,	25,	'0',	NULL,	NULL,	NULL,	NULL),
(227,	'1396325270.236',	'2014-04-01 00:07:55',	2,	6,	25,	'0',	NULL,	NULL,	NULL,	NULL),
(228,	'1396325270.236',	'2014-04-01 00:08:00',	2,	6,	25,	'0',	NULL,	NULL,	NULL,	NULL),
(229,	'1396325270.236',	'2014-04-01 00:08:05',	2,	6,	25,	'0',	NULL,	NULL,	NULL,	NULL),
(230,	'1396325270.236',	'2014-04-01 00:08:10',	2,	6,	25,	'0',	NULL,	NULL,	NULL,	NULL),
(231,	'1396325270.236',	'2014-04-01 00:08:15',	2,	6,	25,	'0',	NULL,	NULL,	NULL,	NULL),
(232,	'1396325270.236',	'2014-04-01 00:08:20',	2,	6,	25,	'0',	NULL,	NULL,	NULL,	NULL),
(233,	'1396325270.236',	'2014-04-01 00:08:25',	2,	6,	25,	'0',	NULL,	NULL,	NULL,	NULL),
(234,	'1396325270.236',	'2014-04-01 00:08:30',	2,	6,	25,	'0',	NULL,	NULL,	NULL,	NULL),
(235,	'1396325270.236',	'2014-04-01 00:08:35',	2,	6,	25,	'0',	NULL,	NULL,	NULL,	NULL),
(236,	'1396325270.236',	'2014-04-01 00:08:40',	2,	6,	25,	'0',	NULL,	NULL,	NULL,	NULL),
(237,	'1396325270.236',	'2014-04-01 00:08:46',	2,	6,	25,	'1000',	NULL,	NULL,	NULL,	NULL),
(238,	'1396325270.236',	'2014-04-01 00:08:51',	2,	6,	25,	'0',	NULL,	NULL,	NULL,	NULL),
(239,	'1396325270.236',	'2014-04-01 00:08:56',	2,	6,	25,	'0',	NULL,	NULL,	NULL,	NULL),
(240,	'1396325270.236',	'2014-04-01 00:09:01',	2,	6,	25,	'0',	NULL,	NULL,	NULL,	NULL),
(241,	'1396325270.236',	'2014-04-01 00:09:06',	2,	6,	25,	'0',	NULL,	NULL,	NULL,	NULL),
(242,	'1396325270.236',	'2014-04-01 00:09:11',	2,	6,	25,	'0',	NULL,	NULL,	NULL,	NULL),
(243,	'1396325270.236',	'2014-04-01 00:09:16',	2,	6,	25,	'0',	NULL,	NULL,	NULL,	NULL),
(244,	'1396325270.236',	'2014-04-01 00:09:21',	2,	6,	25,	'0',	NULL,	NULL,	NULL,	NULL),
(245,	'1396325270.236',	'2014-04-01 00:09:26',	2,	6,	25,	'0',	NULL,	NULL,	NULL,	NULL),
(246,	'1396325270.236',	'2014-04-01 00:09:31',	2,	6,	25,	'0',	NULL,	NULL,	NULL,	NULL),
(247,	'1396325270.236',	'2014-04-01 00:09:36',	2,	6,	25,	'0',	NULL,	NULL,	NULL,	NULL),
(248,	'1396325270.236',	'2014-04-01 00:09:41',	2,	6,	25,	'0',	NULL,	NULL,	NULL,	NULL),
(249,	'1396325270.236',	'2014-04-01 00:09:46',	2,	6,	25,	'0',	NULL,	NULL,	NULL,	NULL),
(250,	'1396325270.236',	'2014-04-01 00:09:51',	2,	6,	25,	'0',	NULL,	NULL,	NULL,	NULL),
(251,	'1396325270.236',	'2014-04-01 00:09:56',	2,	6,	25,	'0',	NULL,	NULL,	NULL,	NULL),
(252,	'1396325270.236',	'2014-04-01 00:10:01',	2,	6,	25,	'0',	NULL,	NULL,	NULL,	NULL),
(253,	'1396325270.236',	'2014-04-01 00:10:06',	2,	6,	25,	'0',	NULL,	NULL,	NULL,	NULL),
(254,	'1396325270.236',	'2014-04-01 00:10:09',	2,	2,	1,	'1',	'1',	'139',	NULL,	NULL),
(255,	'1396325416.293',	'2014-04-01 00:10:16',	2,	2,	15,	'',	'2004',	'1',	NULL,	NULL),
(256,	'1396325416.293',	'2014-04-01 00:10:17',	2,	6,	25,	'1000',	NULL,	NULL,	NULL,	NULL),
(257,	'1396325416.293',	'2014-04-01 00:10:22',	2,	6,	25,	'0',	NULL,	NULL,	NULL,	NULL),
(258,	'1396325416.293',	'2014-04-01 00:10:27',	2,	6,	25,	'0',	NULL,	NULL,	NULL,	NULL),
(259,	'1396325416.293',	'2014-04-01 00:10:32',	2,	6,	25,	'0',	NULL,	NULL,	NULL,	NULL),
(260,	'1396325416.293',	'2014-04-01 00:10:37',	2,	6,	25,	'0',	NULL,	NULL,	NULL,	NULL),
(261,	'1396325416.293',	'2014-04-01 00:10:42',	2,	6,	25,	'0',	NULL,	NULL,	NULL,	NULL),
(262,	'1396325416.293',	'2014-04-01 00:10:47',	2,	6,	25,	'0',	NULL,	NULL,	NULL,	NULL),
(263,	'1396325416.293',	'2014-04-01 00:10:52',	2,	6,	25,	'0',	NULL,	NULL,	NULL,	NULL),
(264,	'1396325416.293',	'2014-04-01 00:10:57',	2,	6,	25,	'0',	NULL,	NULL,	NULL,	NULL),
(265,	'1396325416.293',	'2014-04-01 00:11:02',	2,	6,	25,	'0',	NULL,	NULL,	NULL,	NULL),
(266,	'1396325416.293',	'2014-04-01 00:11:07',	2,	6,	25,	'0',	NULL,	NULL,	NULL,	NULL),
(267,	'1396325416.293',	'2014-04-01 00:11:12',	2,	6,	25,	'0',	NULL,	NULL,	NULL,	NULL),
(268,	'1396325416.293',	'2014-04-01 00:11:17',	2,	6,	25,	'0',	NULL,	NULL,	NULL,	NULL),
(269,	'1396325416.293',	'2014-04-01 00:11:22',	2,	6,	25,	'0',	NULL,	NULL,	NULL,	NULL),
(270,	'1396325416.293',	'2014-04-01 00:11:27',	2,	6,	25,	'0',	NULL,	NULL,	NULL,	NULL),
(271,	'1396325416.293',	'2014-04-01 00:11:32',	2,	6,	25,	'0',	NULL,	NULL,	NULL,	NULL),
(272,	'1396325416.293',	'2014-04-01 00:11:37',	2,	6,	25,	'0',	NULL,	NULL,	NULL,	NULL),
(273,	'1396325416.293',	'2014-04-01 00:11:42',	2,	6,	25,	'0',	NULL,	NULL,	NULL,	NULL),
(274,	'1396325416.293',	'2014-04-01 00:11:48',	2,	6,	25,	'1000',	NULL,	NULL,	NULL,	NULL),
(275,	'1396325416.293',	'2014-04-01 00:11:53',	2,	6,	25,	'0',	NULL,	NULL,	NULL,	NULL),
(276,	'1396325416.293',	'2014-04-01 00:11:54',	2,	2,	1,	'1',	'1',	'98',	NULL,	NULL),
(277,	'1396326802.334',	'2014-04-01 00:33:22',	2,	2,	15,	'',	'2004',	'1',	NULL,	NULL),
(278,	'1396326802.334',	'2014-04-01 00:33:22',	2,	6,	25,	'0',	NULL,	NULL,	NULL,	NULL),
(279,	'1396326802.334',	'2014-04-01 00:33:27',	2,	6,	25,	'0',	NULL,	NULL,	NULL,	NULL),
(280,	'1396326802.334',	'2014-04-01 00:33:33',	2,	6,	25,	'1000',	NULL,	NULL,	NULL,	NULL),
(281,	'1396326802.334',	'2014-04-01 00:33:38',	2,	6,	25,	'0',	NULL,	NULL,	NULL,	NULL),
(282,	'1396326802.334',	'2014-04-01 00:33:43',	2,	6,	25,	'0',	NULL,	NULL,	NULL,	NULL),
(283,	'1396326826.345',	'2014-04-01 00:33:46',	2,	2,	15,	'',	'2004',	'2',	NULL,	NULL),
(284,	'1396326826.345',	'2014-04-01 00:33:47',	2,	2,	1,	'2',	'2',	'1',	NULL,	NULL),
(285,	'1396326802.334',	'2014-04-01 00:33:48',	2,	6,	25,	'0',	NULL,	NULL,	NULL,	NULL),
(286,	'1396326802.334',	'2014-04-01 00:33:50',	2,	2,	1,	'1',	'1',	'28',	NULL,	NULL),
(287,	'1396326857.348',	'2014-04-01 00:34:17',	2,	2,	15,	'',	'2004',	'1',	NULL,	NULL),
(288,	'1396326857.348',	'2014-04-01 00:34:18',	2,	6,	25,	'1000',	NULL,	NULL,	NULL,	NULL),
(289,	'1396326857.348',	'2014-04-01 00:34:23',	2,	6,	25,	'0',	NULL,	NULL,	NULL,	NULL),
(290,	'1396326857.348',	'2014-04-01 00:34:28',	2,	6,	25,	'0',	NULL,	NULL,	NULL,	NULL),
(291,	'1396326857.348',	'2014-04-01 00:34:33',	2,	6,	25,	'0',	NULL,	NULL,	NULL,	NULL),
(292,	'1396326857.348',	'2014-04-01 00:34:38',	2,	6,	25,	'0',	NULL,	NULL,	NULL,	NULL),
(293,	'1396326857.348',	'2014-04-01 00:34:43',	2,	6,	25,	'0',	NULL,	NULL,	NULL,	NULL),
(294,	'1396326857.348',	'2014-04-01 00:34:48',	2,	6,	25,	'0',	NULL,	NULL,	NULL,	NULL),
(295,	'1396326857.348',	'2014-04-01 00:34:53',	2,	6,	25,	'0',	NULL,	NULL,	NULL,	NULL),
(296,	'1396326857.348',	'2014-04-01 00:34:58',	2,	6,	25,	'0',	NULL,	NULL,	NULL,	NULL),
(297,	'1396326857.348',	'2014-04-01 00:35:03',	2,	6,	25,	'0',	NULL,	NULL,	NULL,	NULL),
(298,	'1396326857.348',	'2014-04-01 00:35:08',	2,	6,	25,	'0',	NULL,	NULL,	NULL,	NULL),
(299,	'1396326857.348',	'2014-04-01 00:35:13',	2,	6,	25,	'0',	NULL,	NULL,	NULL,	NULL),
(300,	'1396326857.348',	'2014-04-01 00:35:18',	2,	2,	1,	'1',	'1',	'61',	NULL,	NULL),
(301,	'1396327321.373',	'2014-04-01 00:42:01',	2,	2,	15,	'',	'2004',	'1',	NULL,	NULL),
(302,	'1396327321.373',	'2014-04-01 00:42:02',	2,	6,	25,	'1000',	NULL,	NULL,	NULL,	NULL),
(303,	'1396327321.373',	'2014-04-01 00:42:07',	2,	6,	25,	'0',	NULL,	NULL,	NULL,	NULL),
(304,	'1396327321.373',	'2014-04-01 00:42:12',	2,	6,	25,	'0',	NULL,	NULL,	NULL,	NULL),
(305,	'1396327321.373',	'2014-04-01 00:42:17',	2,	6,	25,	'0',	NULL,	NULL,	NULL,	NULL),
(306,	'1396327321.373',	'2014-04-01 00:42:22',	2,	6,	25,	'0',	NULL,	NULL,	NULL,	NULL),
(307,	'1396327321.373',	'2014-04-01 00:42:27',	2,	6,	25,	'0',	NULL,	NULL,	NULL,	NULL),
(308,	'1396327321.373',	'2014-04-01 00:42:32',	2,	6,	25,	'0',	NULL,	NULL,	NULL,	NULL),
(309,	'1396327321.373',	'2014-04-01 00:42:37',	2,	6,	25,	'0',	NULL,	NULL,	NULL,	NULL),
(310,	'1396327321.373',	'2014-04-01 00:42:42',	2,	6,	25,	'0',	NULL,	NULL,	NULL,	NULL),
(311,	'1396327321.373',	'2014-04-01 00:42:47',	2,	6,	25,	'0',	NULL,	NULL,	NULL,	NULL),
(312,	'1396327321.373',	'2014-04-01 00:42:52',	2,	6,	25,	'0',	NULL,	NULL,	NULL,	NULL),
(313,	'1396327321.373',	'2014-04-01 00:42:57',	2,	6,	25,	'0',	NULL,	NULL,	NULL,	NULL),
(314,	'1396327321.373',	'2014-04-01 00:43:02',	2,	6,	25,	'0',	NULL,	NULL,	NULL,	NULL),
(315,	'1396327321.373',	'2014-04-01 00:43:07',	2,	6,	25,	'0',	NULL,	NULL,	NULL,	NULL),
(316,	'1396327321.373',	'2014-04-01 00:43:12',	2,	6,	25,	'0',	NULL,	NULL,	NULL,	NULL),
(317,	'1396327321.373',	'2014-04-01 00:43:17',	2,	6,	25,	'0',	NULL,	NULL,	NULL,	NULL),
(318,	'1396327321.373',	'2014-04-01 00:43:22',	2,	6,	25,	'0',	NULL,	NULL,	NULL,	NULL),
(319,	'1396327321.373',	'2014-04-01 00:43:27',	2,	6,	25,	'0',	NULL,	NULL,	NULL,	NULL),
(320,	'1396327321.373',	'2014-04-01 00:43:32',	2,	6,	25,	'0',	NULL,	NULL,	NULL,	NULL),
(321,	'1396327321.373',	'2014-04-01 00:43:37',	2,	6,	25,	'0',	NULL,	NULL,	NULL,	NULL),
(322,	'1396327321.373',	'2014-04-01 00:43:42',	2,	6,	25,	'0',	NULL,	NULL,	NULL,	NULL),
(323,	'1396327321.373',	'2014-04-01 00:43:47',	2,	6,	25,	'0',	NULL,	NULL,	NULL,	NULL),
(324,	'1396327321.373',	'2014-04-01 00:43:52',	2,	6,	25,	'0',	NULL,	NULL,	NULL,	NULL),
(325,	'1396327321.373',	'2014-04-01 00:43:57',	2,	6,	25,	'0',	NULL,	NULL,	NULL,	NULL),
(326,	'1396327321.373',	'2014-04-01 00:44:03',	2,	6,	25,	'1000',	NULL,	NULL,	NULL,	NULL),
(327,	'1396327321.373',	'2014-04-01 00:44:08',	2,	6,	25,	'0',	NULL,	NULL,	NULL,	NULL),
(328,	'1396327321.373',	'2014-04-01 00:44:13',	2,	6,	25,	'0',	NULL,	NULL,	NULL,	NULL),
(329,	'1396327321.373',	'2014-04-01 00:44:18',	2,	6,	25,	'0',	NULL,	NULL,	NULL,	NULL),
(330,	'1396327321.373',	'2014-04-01 00:44:23',	2,	6,	25,	'0',	NULL,	NULL,	NULL,	NULL),
(331,	'1396327321.373',	'2014-04-01 00:44:28',	2,	6,	25,	'0',	NULL,	NULL,	NULL,	NULL),
(332,	'1396327321.373',	'2014-04-01 00:44:33',	2,	6,	25,	'0',	NULL,	NULL,	NULL,	NULL),
(333,	'1396327321.373',	'2014-04-01 00:44:38',	2,	6,	25,	'0',	NULL,	NULL,	NULL,	NULL),
(334,	'1396327321.373',	'2014-04-01 00:44:43',	2,	6,	25,	'0',	NULL,	NULL,	NULL,	NULL),
(335,	'1396327321.373',	'2014-04-01 00:44:48',	2,	6,	25,	'0',	NULL,	NULL,	NULL,	NULL),
(336,	'1396327321.373',	'2014-04-01 00:44:53',	2,	6,	25,	'0',	NULL,	NULL,	NULL,	NULL),
(337,	'1396327321.373',	'2014-04-01 00:44:58',	2,	6,	25,	'0',	NULL,	NULL,	NULL,	NULL),
(338,	'1396327321.373',	'2014-04-01 00:45:03',	2,	6,	25,	'0',	NULL,	NULL,	NULL,	NULL),
(339,	'1396327321.373',	'2014-04-01 00:45:08',	2,	6,	25,	'0',	NULL,	NULL,	NULL,	NULL),
(340,	'1396327321.373',	'2014-04-01 00:45:13',	2,	6,	25,	'0',	NULL,	NULL,	NULL,	NULL),
(341,	'1396327321.373',	'2014-04-01 00:45:18',	2,	6,	25,	'0',	NULL,	NULL,	NULL,	NULL),
(342,	'1396327321.373',	'2014-04-01 00:45:23',	2,	6,	25,	'0',	NULL,	NULL,	NULL,	NULL),
(343,	'1396327321.373',	'2014-04-01 00:45:28',	2,	6,	25,	'0',	NULL,	NULL,	NULL,	NULL),
(344,	'1396327321.373',	'2014-04-01 00:45:33',	2,	6,	25,	'0',	NULL,	NULL,	NULL,	NULL),
(345,	'1396327321.373',	'2014-04-01 00:45:39',	2,	6,	25,	'1000',	NULL,	NULL,	NULL,	NULL),
(346,	'1396327321.373',	'2014-04-01 00:45:44',	2,	6,	25,	'0',	NULL,	NULL,	NULL,	NULL),
(347,	'1396327321.373',	'2014-04-01 00:45:49',	2,	6,	25,	'0',	NULL,	NULL,	NULL,	NULL),
(348,	'1396327321.373',	'2014-04-01 00:45:54',	2,	6,	25,	'0',	NULL,	NULL,	NULL,	NULL),
(349,	'1396327321.373',	'2014-04-01 00:45:59',	2,	6,	25,	'0',	NULL,	NULL,	NULL,	NULL),
(350,	'1396327321.373',	'2014-04-01 00:46:04',	2,	6,	25,	'0',	NULL,	NULL,	NULL,	NULL),
(351,	'1396327321.373',	'2014-04-01 00:46:09',	2,	6,	25,	'0',	NULL,	NULL,	NULL,	NULL),
(352,	'1396327321.373',	'2014-04-01 00:46:14',	2,	6,	25,	'0',	NULL,	NULL,	NULL,	NULL),
(353,	'1396327321.373',	'2014-04-01 00:46:19',	2,	6,	25,	'0',	NULL,	NULL,	NULL,	NULL),
(354,	'1396327321.373',	'2014-04-01 00:46:24',	2,	6,	25,	'0',	NULL,	NULL,	NULL,	NULL),
(355,	'1396327321.373',	'2014-04-01 00:46:29',	2,	6,	25,	'0',	NULL,	NULL,	NULL,	NULL),
(356,	'1396327321.373',	'2014-04-01 00:46:34',	2,	6,	25,	'0',	NULL,	NULL,	NULL,	NULL),
(357,	'1396327321.373',	'2014-04-01 00:46:39',	2,	6,	25,	'0',	NULL,	NULL,	NULL,	NULL),
(358,	'1396327321.373',	'2014-04-01 00:46:44',	2,	6,	25,	'0',	NULL,	NULL,	NULL,	NULL),
(359,	'1396327321.373',	'2014-04-01 00:46:50',	2,	6,	25,	'1000',	NULL,	NULL,	NULL,	NULL),
(360,	'1396327321.373',	'2014-04-01 00:46:55',	2,	6,	25,	'0',	NULL,	NULL,	NULL,	NULL),
(361,	'1396327321.373',	'2014-04-01 00:47:00',	2,	6,	25,	'0',	NULL,	NULL,	NULL,	NULL),
(362,	'1396327321.373',	'2014-04-01 00:47:05',	2,	6,	25,	'0',	NULL,	NULL,	NULL,	NULL),
(363,	'1396327321.373',	'2014-04-01 00:47:10',	2,	6,	25,	'0',	NULL,	NULL,	NULL,	NULL),
(364,	'1396327321.373',	'2014-04-01 00:47:15',	2,	6,	25,	'0',	NULL,	NULL,	NULL,	NULL),
(365,	'1396327321.373',	'2014-04-01 00:47:20',	2,	6,	25,	'0',	NULL,	NULL,	NULL,	NULL),
(366,	'1396327321.373',	'2014-04-01 00:47:25',	2,	6,	25,	'0',	NULL,	NULL,	NULL,	NULL),
(367,	'1396327321.373',	'2014-04-01 00:47:30',	2,	6,	25,	'0',	NULL,	NULL,	NULL,	NULL),
(368,	'1396327321.373',	'2014-04-01 00:47:35',	2,	6,	25,	'0',	NULL,	NULL,	NULL,	NULL),
(369,	'1396327321.373',	'2014-04-01 00:47:40',	2,	6,	25,	'0',	NULL,	NULL,	NULL,	NULL),
(370,	'1396327321.373',	'2014-04-01 00:47:45',	2,	6,	25,	'0',	NULL,	NULL,	NULL,	NULL),
(371,	'1396327321.373',	'2014-04-01 00:47:50',	2,	6,	25,	'0',	NULL,	NULL,	NULL,	NULL),
(372,	'1396327321.373',	'2014-04-01 00:47:55',	2,	6,	25,	'0',	NULL,	NULL,	NULL,	NULL),
(373,	'1396327321.373',	'2014-04-01 00:48:00',	2,	6,	25,	'0',	NULL,	NULL,	NULL,	NULL),
(374,	'1396327321.373',	'2014-04-01 00:48:01',	2,	2,	1,	'1',	'1',	'360',	NULL,	NULL),
(375,	'1396327687.518',	'2014-04-01 00:48:07',	2,	2,	15,	'',	'2004',	'1',	NULL,	NULL),
(376,	'1396327687.518',	'2014-04-01 00:48:07',	2,	6,	25,	'0',	NULL,	NULL,	NULL,	NULL),
(377,	'1396327687.518',	'2014-04-01 00:48:12',	2,	6,	25,	'0',	NULL,	NULL,	NULL,	NULL),
(378,	'1396327687.518',	'2014-04-01 00:48:17',	2,	6,	25,	'0',	NULL,	NULL,	NULL,	NULL),
(379,	'1396327687.518',	'2014-04-01 00:48:22',	2,	6,	25,	'0',	NULL,	NULL,	NULL,	NULL),
(380,	'1396327687.518',	'2014-04-01 00:48:24',	2,	2,	1,	'1',	'1',	'17',	NULL,	NULL),
(381,	'1396327817.527',	'2014-04-01 00:50:17',	2,	2,	15,	'',	'2004',	'1',	NULL,	NULL),
(382,	'1396327817.527',	'2014-04-01 00:50:17',	2,	6,	25,	'0',	NULL,	NULL,	NULL,	NULL),
(383,	'1396327817.527',	'2014-04-01 00:50:22',	2,	6,	25,	'0',	NULL,	NULL,	NULL,	NULL),
(384,	'1396327817.527',	'2014-04-01 00:50:27',	2,	6,	25,	'0',	NULL,	NULL,	NULL,	NULL),
(385,	'1396327817.527',	'2014-04-01 00:50:32',	2,	6,	25,	'0',	NULL,	NULL,	NULL,	NULL),
(386,	'1396327817.527',	'2014-04-01 00:50:38',	2,	6,	25,	'1000',	NULL,	NULL,	NULL,	NULL),
(387,	'1396327817.527',	'2014-04-01 00:50:43',	2,	6,	25,	'0',	NULL,	NULL,	NULL,	NULL),
(388,	'1396327817.527',	'2014-04-01 00:50:48',	2,	6,	25,	'0',	NULL,	NULL,	NULL,	NULL),
(389,	'1396327817.527',	'2014-04-01 00:50:53',	2,	6,	25,	'0',	NULL,	NULL,	NULL,	NULL),
(390,	'1396327817.527',	'2014-04-01 00:50:58',	2,	6,	25,	'0',	NULL,	NULL,	NULL,	NULL),
(391,	'1396327817.527',	'2014-04-01 00:51:03',	2,	6,	25,	'0',	NULL,	NULL,	NULL,	NULL),
(392,	'1396327817.527',	'2014-04-01 00:51:08',	2,	6,	25,	'0',	NULL,	NULL,	NULL,	NULL),
(393,	'1396327817.527',	'2014-04-01 00:51:13',	2,	6,	25,	'0',	NULL,	NULL,	NULL,	NULL),
(394,	'1396327817.527',	'2014-04-01 00:51:18',	2,	6,	25,	'0',	NULL,	NULL,	NULL,	NULL),
(395,	'1396327817.527',	'2014-04-01 00:51:23',	2,	6,	25,	'0',	NULL,	NULL,	NULL,	NULL),
(396,	'1396327817.527',	'2014-04-01 00:51:28',	2,	6,	25,	'0',	NULL,	NULL,	NULL,	NULL),
(397,	'1396327817.527',	'2014-04-01 00:51:33',	2,	6,	25,	'0',	NULL,	NULL,	NULL,	NULL),
(398,	'1396327817.527',	'2014-04-01 00:51:38',	2,	6,	25,	'0',	NULL,	NULL,	NULL,	NULL),
(399,	'1396327817.527',	'2014-04-01 00:51:43',	2,	6,	25,	'0',	NULL,	NULL,	NULL,	NULL),
(400,	'1396327817.527',	'2014-04-01 00:51:48',	2,	6,	25,	'0',	NULL,	NULL,	NULL,	NULL),
(401,	'1396327817.527',	'2014-04-01 00:51:53',	2,	6,	25,	'0',	NULL,	NULL,	NULL,	NULL),
(402,	'1396327817.527',	'2014-04-01 00:51:58',	2,	6,	25,	'0',	NULL,	NULL,	NULL,	NULL),
(403,	'1396327817.527',	'2014-04-01 00:52:03',	2,	6,	25,	'0',	NULL,	NULL,	NULL,	NULL),
(404,	'1396327817.527',	'2014-04-01 00:52:09',	2,	6,	25,	'1000',	NULL,	NULL,	NULL,	NULL),
(405,	'1396327817.527',	'2014-04-01 00:52:14',	2,	6,	25,	'0',	NULL,	NULL,	NULL,	NULL),
(406,	'1396327817.527',	'2014-04-01 00:52:19',	2,	6,	25,	'0',	NULL,	NULL,	NULL,	NULL),
(407,	'1396327817.527',	'2014-04-01 00:52:24',	2,	6,	25,	'0',	NULL,	NULL,	NULL,	NULL),
(408,	'1396327817.527',	'2014-04-01 00:52:29',	2,	6,	25,	'0',	NULL,	NULL,	NULL,	NULL),
(409,	'1396327817.527',	'2014-04-01 00:52:34',	2,	6,	25,	'0',	NULL,	NULL,	NULL,	NULL),
(410,	'1396327817.527',	'2014-04-01 00:52:39',	2,	6,	25,	'0',	NULL,	NULL,	NULL,	NULL),
(411,	'1396327817.527',	'2014-04-01 00:52:44',	2,	6,	25,	'0',	NULL,	NULL,	NULL,	NULL),
(412,	'1396327817.527',	'2014-04-01 00:52:49',	2,	6,	25,	'0',	NULL,	NULL,	NULL,	NULL),
(413,	'1396327817.527',	'2014-04-01 00:52:54',	2,	6,	25,	'0',	NULL,	NULL,	NULL,	NULL),
(414,	'1396327817.527',	'2014-04-01 00:52:59',	2,	6,	25,	'0',	NULL,	NULL,	NULL,	NULL),
(415,	'1396327817.527',	'2014-04-01 00:53:04',	2,	6,	25,	'0',	NULL,	NULL,	NULL,	NULL),
(416,	'1396327817.527',	'2014-04-01 00:53:08',	2,	2,	1,	'1',	'1',	'171',	NULL,	NULL),
(417,	'1396327990.596',	'2014-04-01 00:53:10',	2,	2,	15,	'',	'2004',	'1',	NULL,	NULL),
(418,	'1396327990.596',	'2014-04-01 00:53:10',	2,	6,	25,	'0',	NULL,	NULL,	NULL,	NULL),
(419,	'1396327990.596',	'2014-04-01 00:53:16',	2,	6,	25,	'1000',	NULL,	NULL,	NULL,	NULL),
(420,	'1396327990.596',	'2014-04-01 00:53:21',	2,	6,	25,	'0',	NULL,	NULL,	NULL,	NULL),
(421,	'1396327990.596',	'2014-04-01 00:53:26',	2,	6,	25,	'0',	NULL,	NULL,	NULL,	NULL),
(422,	'1396327990.596',	'2014-04-01 00:53:31',	2,	6,	25,	'0',	NULL,	NULL,	NULL,	NULL),
(423,	'1396327990.596',	'2014-04-01 00:53:36',	2,	6,	25,	'0',	NULL,	NULL,	NULL,	NULL),
(424,	'1396327990.596',	'2014-04-01 00:53:41',	2,	6,	25,	'0',	NULL,	NULL,	NULL,	NULL),
(425,	'1396327990.596',	'2014-04-01 00:53:46',	2,	6,	25,	'0',	NULL,	NULL,	NULL,	NULL),
(426,	'1396327990.596',	'2014-04-01 00:53:49',	2,	2,	1,	'1',	'1',	'39',	NULL,	NULL),
(427,	'1396328038.613',	'2014-04-01 00:53:58',	2,	2,	15,	'',	'2004',	'1',	NULL,	NULL),
(428,	'1396328038.613',	'2014-04-01 00:53:58',	2,	6,	25,	'0',	NULL,	NULL,	NULL,	NULL),
(429,	'1396328038.613',	'2014-04-01 00:54:03',	2,	6,	25,	'0',	NULL,	NULL,	NULL,	NULL),
(430,	'1396328038.613',	'2014-04-01 00:54:08',	2,	6,	25,	'0',	NULL,	NULL,	NULL,	NULL),
(431,	'1396328038.613',	'2014-04-01 00:54:13',	2,	6,	25,	'0',	NULL,	NULL,	NULL,	NULL),
(432,	'1396328038.613',	'2014-04-01 00:54:18',	2,	6,	25,	'0',	NULL,	NULL,	NULL,	NULL),
(433,	'1396328038.613',	'2014-04-01 00:54:23',	2,	6,	25,	'0',	NULL,	NULL,	NULL,	NULL),
(434,	'1396328038.613',	'2014-04-01 00:54:28',	2,	6,	25,	'0',	NULL,	NULL,	NULL,	NULL),
(435,	'1396328038.613',	'2014-04-01 00:54:33',	2,	6,	25,	'0',	NULL,	NULL,	NULL,	NULL),
(436,	'1396328038.613',	'2014-04-01 00:54:39',	2,	6,	25,	'1000',	NULL,	NULL,	NULL,	NULL),
(437,	'1396328038.613',	'2014-04-01 00:54:44',	2,	6,	25,	'0',	NULL,	NULL,	NULL,	NULL),
(438,	'1396328038.613',	'2014-04-01 00:54:49',	2,	6,	25,	'0',	NULL,	NULL,	NULL,	NULL),
(439,	'1396328038.613',	'2014-04-01 00:54:54',	2,	6,	25,	'0',	NULL,	NULL,	NULL,	NULL),
(440,	'1396328038.613',	'2014-04-01 00:54:59',	2,	6,	25,	'0',	NULL,	NULL,	NULL,	NULL),
(441,	'1396328038.613',	'2014-04-01 00:55:04',	2,	6,	25,	'0',	NULL,	NULL,	NULL,	NULL),
(442,	'1396328038.613',	'2014-04-01 00:55:09',	2,	6,	25,	'0',	NULL,	NULL,	NULL,	NULL),
(443,	'1396328038.613',	'2014-04-01 00:55:14',	2,	6,	25,	'0',	NULL,	NULL,	NULL,	NULL),
(444,	'1396328038.613',	'2014-04-01 00:55:19',	2,	6,	25,	'0',	NULL,	NULL,	NULL,	NULL),
(445,	'1396328038.613',	'2014-04-01 00:55:24',	2,	6,	25,	'0',	NULL,	NULL,	NULL,	NULL),
(446,	'1396328038.613',	'2014-04-01 00:55:29',	2,	6,	25,	'0',	NULL,	NULL,	NULL,	NULL),
(447,	'1396328038.613',	'2014-04-01 00:55:34',	2,	6,	25,	'0',	NULL,	NULL,	NULL,	NULL),
(448,	'1396328038.613',	'2014-04-01 00:55:39',	2,	6,	25,	'0',	NULL,	NULL,	NULL,	NULL),
(449,	'1396328038.613',	'2014-04-01 00:55:44',	2,	2,	1,	'1',	'1',	'106',	NULL,	NULL),
(450,	'1396328146.656',	'2014-04-01 00:55:46',	2,	2,	15,	'',	'2004',	'1',	NULL,	NULL),
(451,	'1396328146.656',	'2014-04-01 00:55:46',	2,	6,	25,	'0',	NULL,	NULL,	NULL,	NULL),
(452,	'1396328146.656',	'2014-04-01 00:55:51',	2,	6,	25,	'0',	NULL,	NULL,	NULL,	NULL),
(453,	'1396328146.656',	'2014-04-01 00:55:56',	2,	2,	1,	'1',	'1',	'10',	NULL,	NULL),
(454,	'1396328266.661',	'2014-04-01 00:57:47',	2,	2,	15,	'',	'2004',	'1',	NULL,	NULL),
(455,	'1396328266.661',	'2014-04-01 00:57:47',	2,	6,	25,	'0',	NULL,	NULL,	NULL,	NULL),
(456,	'1396328266.661',	'2014-04-01 00:57:52',	2,	6,	25,	'0',	NULL,	NULL,	NULL,	NULL),
(457,	'1396328266.661',	'2014-04-01 00:57:52',	2,	2,	1,	'1',	'1',	'5',	NULL,	NULL),
(458,	'1396328304.666',	'2014-04-01 00:58:24',	2,	2,	15,	'',	'2004',	'1',	NULL,	NULL),
(459,	'1396328304.666',	'2014-04-01 00:58:24',	2,	6,	25,	'0',	NULL,	NULL,	NULL,	NULL),
(460,	'1396328304.666',	'2014-04-01 00:58:29',	2,	6,	25,	'0',	NULL,	NULL,	NULL,	NULL),
(461,	'1396328304.666',	'2014-04-01 00:58:31',	2,	2,	1,	'1',	'1',	'7',	NULL,	NULL),
(462,	'1396328706.671',	'2014-04-01 01:05:06',	2,	2,	15,	'',	'2004',	'1',	NULL,	NULL),
(463,	'1396328706.671',	'2014-04-01 01:05:06',	2,	6,	25,	'0',	NULL,	NULL,	NULL,	NULL),
(464,	'1396328706.671',	'2014-04-01 01:05:12',	2,	6,	25,	'1000',	NULL,	NULL,	NULL,	NULL),
(465,	'1396328706.671',	'2014-04-01 01:05:16',	2,	2,	1,	'1',	'1',	'10',	NULL,	NULL),
(466,	'1396329181.676',	'2014-04-01 01:13:01',	2,	2,	15,	'',	'2004',	'1',	NULL,	NULL),
(467,	'1396329181.676',	'2014-04-01 01:13:06',	2,	6,	12,	'5',	'1396329181.677',	'4',	NULL,	NULL),
(468,	'1396329181.676',	'2014-04-01 01:13:22',	2,	6,	10,	'5',	'16',	'1',	NULL,	NULL),
(469,	'1396329335.680',	'2014-04-01 01:15:35',	2,	2,	15,	'',	'2004',	'1',	NULL,	NULL),
(470,	'1396329335.680',	'2014-04-01 01:15:39',	2,	2,	1,	'1',	'1',	'4',	NULL,	NULL),
(471,	'1396329363.684',	'2014-04-01 01:16:03',	2,	2,	15,	'',	'2004',	'1',	NULL,	NULL),
(472,	'1396329363.684',	'2014-04-01 01:16:10',	2,	6,	12,	'7',	'1396329363.685',	'6',	NULL,	NULL),
(473,	'1396329363.684',	'2014-04-01 01:16:13',	2,	6,	10,	'7',	'3',	'1',	NULL,	NULL),
(474,	'1396329408.688',	'2014-04-01 01:16:48',	2,	2,	15,	'',	'2004',	'1',	NULL,	NULL),
(475,	'1396329408.688',	'2014-04-01 01:16:50',	2,	6,	12,	'2',	'1396329408.689',	'1',	NULL,	NULL),
(476,	'1396329408.688',	'2014-04-01 01:16:51',	2,	6,	10,	'2',	'1',	'1',	NULL,	NULL),
(477,	'1396329638.692',	'2014-04-01 01:20:38',	2,	2,	15,	'',	'2004',	'1',	NULL,	NULL),
(478,	'1396329638.692',	'2014-04-01 01:20:41',	2,	6,	12,	'3',	'1396329638.693',	'2',	NULL,	NULL),
(479,	'1396329638.692',	'2014-04-01 01:20:42',	2,	6,	10,	'3',	'1',	'1',	NULL,	NULL),
(480,	'1396330209.696',	'2014-04-01 01:30:09',	2,	2,	15,	'',	'2004',	'1',	NULL,	NULL),
(481,	'1396330209.696',	'2014-04-01 01:30:14',	2,	6,	12,	'5',	'1396330209.697',	'4',	NULL,	NULL),
(482,	'1396330209.696',	'2014-04-01 01:30:17',	2,	6,	10,	'5',	'3',	'1',	NULL,	NULL),
(483,	'1396330361.700',	'2014-04-01 01:32:41',	2,	2,	15,	'',	'2004',	'1',	NULL,	NULL),
(484,	'1396330361.700',	'2014-04-01 01:32:43',	2,	6,	12,	'2',	'1396330361.701',	'2',	NULL,	NULL),
(485,	'1396330361.700',	'2014-04-01 01:32:44',	2,	6,	10,	'2',	'1',	'1',	NULL,	NULL),
(486,	'1396330464.704',	'2014-04-01 01:34:24',	2,	2,	15,	'',	'2004',	'1',	NULL,	NULL),
(487,	'1396330464.704',	'2014-04-01 01:34:26',	2,	6,	12,	'2',	'1396330464.705',	'1',	NULL,	NULL),
(488,	'1396330464.704',	'2014-04-01 01:34:27',	2,	6,	10,	'2',	'1',	'1',	NULL,	NULL),
(489,	'1396330904.708',	'2014-04-01 01:41:44',	2,	2,	15,	'',	'2004',	'1',	NULL,	NULL),
(490,	'1396330904.708',	'2014-04-01 01:41:46',	2,	6,	12,	'2',	'1396330904.709',	'2',	NULL,	NULL),
(491,	'1396330904.708',	'2014-04-01 01:41:48',	2,	6,	10,	'2',	'2',	'1',	NULL,	NULL),
(492,	'1396330941.712',	'2014-04-01 01:42:21',	2,	2,	15,	'',	'2004',	'1',	NULL,	NULL),
(493,	'1396330941.712',	'2014-04-01 01:42:22',	2,	6,	12,	'1',	'1396330941.713',	'1',	NULL,	NULL),
(494,	'1396330941.712',	'2014-04-01 01:42:23',	2,	6,	10,	'1',	'1',	'1',	NULL,	NULL),
(495,	'1396331098.716',	'2014-04-01 01:44:58',	2,	2,	15,	'',	'2004',	'1',	NULL,	NULL),
(496,	'1396331098.716',	'2014-04-01 01:45:00',	2,	6,	12,	'2',	'1396331098.717',	'2',	NULL,	NULL),
(497,	'1396331098.716',	'2014-04-01 01:45:02',	2,	6,	10,	'2',	'2',	'1',	NULL,	NULL),
(498,	'1396331188.720',	'2014-04-01 01:46:28',	2,	2,	15,	'',	'2004',	'1',	NULL,	NULL),
(499,	'1396331188.720',	'2014-04-01 01:46:30',	2,	6,	12,	'2',	'1396331188.721',	'1',	NULL,	NULL),
(500,	'1396331188.720',	'2014-04-01 01:46:31',	2,	6,	10,	'2',	'1',	'1',	NULL,	NULL),
(501,	'1396331242.724',	'2014-04-01 01:47:22',	2,	2,	15,	'',	'2004',	'1',	NULL,	NULL),
(502,	'1396331242.724',	'2014-04-01 01:47:24',	2,	6,	12,	'2',	'1396331242.725',	'1',	NULL,	NULL),
(503,	'1396331242.724',	'2014-04-01 01:47:25',	2,	6,	10,	'2',	'1',	'1',	NULL,	NULL),
(504,	'1396331292.728',	'2014-04-01 01:48:12',	2,	2,	15,	'',	'2004',	'1',	NULL,	NULL),
(505,	'1396331292.728',	'2014-04-01 01:48:13',	2,	6,	12,	'1',	'1396331292.729',	'0',	NULL,	NULL),
(506,	'1396331292.728',	'2014-04-01 01:48:14',	2,	6,	10,	'1',	'1',	'1',	NULL,	NULL),
(507,	'1396331315.732',	'2014-04-01 01:48:35',	2,	2,	15,	'',	'2004',	'1',	NULL,	NULL),
(508,	'1396331315.732',	'2014-04-01 01:48:38',	2,	6,	12,	'3',	'1396331315.733',	'2',	NULL,	NULL),
(509,	'1396331315.732',	'2014-04-01 01:48:39',	2,	6,	10,	'3',	'1',	'1',	NULL,	NULL),
(510,	'1396331664.736',	'2014-04-01 01:54:24',	2,	2,	15,	'',	'2004',	'1',	NULL,	NULL),
(511,	'1396331664.736',	'2014-04-01 01:54:26',	2,	6,	12,	'2',	'1396331664.737',	'1',	NULL,	NULL),
(512,	'1396331664.736',	'2014-04-01 01:54:28',	2,	6,	10,	'2',	'2',	'1',	NULL,	NULL),
(513,	'1396331771.740',	'2014-04-01 01:56:11',	2,	2,	15,	'',	'2004',	'1',	NULL,	NULL),
(514,	'1396331771.740',	'2014-04-01 01:56:14',	2,	6,	12,	'3',	'1396331771.741',	'2',	NULL,	NULL),
(515,	'1396331771.740',	'2014-04-01 01:56:16',	2,	6,	10,	'3',	'2',	'1',	NULL,	NULL),
(516,	'1396331797.744',	'2014-04-01 01:56:37',	2,	2,	15,	'',	'2004',	'1',	NULL,	NULL),
(517,	'1396331797.744',	'2014-04-01 01:56:38',	2,	6,	12,	'1',	'1396331797.745',	'1',	NULL,	NULL),
(518,	'1396331797.744',	'2014-04-01 01:56:40',	2,	6,	10,	'1',	'2',	'1',	NULL,	NULL),
(519,	'1396331825.748',	'2014-04-01 01:57:05',	2,	2,	15,	'',	'2004',	'1',	NULL,	NULL),
(520,	'1396331825.748',	'2014-04-01 01:57:07',	2,	6,	12,	'2',	'1396331825.749',	'1',	NULL,	NULL),
(521,	'1396331825.748',	'2014-04-01 01:57:08',	2,	6,	10,	'2',	'1',	'1',	NULL,	NULL),
(522,	'1396340192.753',	'2014-04-01 04:16:32',	2,	2,	15,	'',	'2001',	'1',	NULL,	NULL),
(523,	'1396340192.753',	'2014-04-01 04:16:45',	2,	2,	1,	'1',	'1',	'13',	NULL,	NULL),
(524,	'1396341175.757',	'2014-04-01 04:32:55',	2,	2,	15,	'',	'2001',	'1',	NULL,	NULL),
(525,	'1396341175.757',	'2014-04-01 04:33:00',	2,	2,	1,	'1',	'1',	'5',	NULL,	NULL),
(526,	'1396341343.761',	'2014-04-01 04:35:43',	2,	2,	15,	'',	'2001',	'1',	NULL,	NULL),
(527,	'1396341343.761',	'2014-04-01 04:35:46',	2,	6,	12,	'3',	'1396341343.762',	'2',	NULL,	NULL),
(528,	'1396341343.761',	'2014-04-01 04:35:50',	2,	6,	10,	'3',	'4',	'1',	NULL,	NULL),
(529,	'NONE',	'2014-04-06 13:45:41',	1,	2,	23,	NULL,	NULL,	NULL,	NULL,	NULL),
(530,	'1396806341.1',	'2014-04-06 13:45:41',	2,	2,	15,	'',	'2004',	'1',	NULL,	NULL),
(531,	'1396806341.1',	'2014-04-06 13:45:49',	2,	6,	12,	'8',	'1396806341.2',	'7',	NULL,	NULL),
(532,	'1396806341.1',	'2014-04-06 13:45:51',	2,	6,	10,	'8',	'2',	'1',	NULL,	NULL),
(533,	'NONE',	'2014-04-06 14:13:58',	1,	2,	11,	NULL,	NULL,	NULL,	NULL,	NULL),
(534,	'NONE',	'2014-04-06 14:14:03',	1,	2,	11,	NULL,	NULL,	NULL,	NULL,	NULL),
(535,	'1396808074.5',	'2014-04-06 14:14:34',	2,	2,	15,	'',	'2004',	'1',	NULL,	NULL),
(536,	'1396808074.5',	'2014-04-06 14:14:37',	2,	6,	12,	'3',	'1396808074.6',	'2',	NULL,	NULL),
(537,	'1396808074.5',	'2014-04-06 14:14:41',	2,	6,	10,	'3',	'4',	'1',	NULL,	NULL),
(538,	'1396808371.9',	'2014-04-06 14:19:31',	2,	2,	15,	'',	'2004',	'1',	NULL,	NULL),
(539,	'1396808371.9',	'2014-04-06 14:19:34',	2,	6,	12,	'3',	'1396808371.10',	'2',	NULL,	NULL),
(540,	'1396808371.9',	'2014-04-06 14:19:37',	2,	6,	10,	'3',	'3',	'1',	NULL,	NULL),
(541,	'1396808701.13',	'2014-04-06 14:25:01',	2,	2,	15,	'',	'2004',	'1',	NULL,	NULL),
(542,	'1396808701.13',	'2014-04-06 14:25:03',	2,	6,	12,	'2',	'1396808701.14',	'2',	NULL,	NULL),
(543,	'1396808701.13',	'2014-04-06 14:25:10',	2,	6,	10,	'2',	'7',	'1',	NULL,	NULL),
(544,	'1396814054.20',	'2014-04-06 15:54:14',	2,	2,	15,	'',	'2004',	'1',	NULL,	NULL),
(545,	'1396814054.20',	'2014-04-06 15:54:16',	2,	6,	12,	'2',	'1396814054.21',	'1',	NULL,	NULL),
(546,	'1396814054.20',	'2014-04-06 15:54:18',	2,	6,	10,	'2',	'2',	'1',	NULL,	NULL),
(547,	'NONE',	'2014-04-06 16:02:02',	1,	2,	11,	NULL,	NULL,	NULL,	NULL,	NULL),
(548,	'1396815109.24',	'2014-04-06 16:11:50',	2,	2,	15,	'',	'2004',	'1',	NULL,	NULL),
(549,	'1396815109.24',	'2014-04-06 16:11:52',	2,	6,	12,	'2',	'1396815110.25',	'2',	NULL,	NULL),
(550,	'1396815109.24',	'2014-04-06 16:12:02',	2,	6,	10,	'2',	'10',	'1',	NULL,	NULL),
(551,	'NONE',	'2014-04-07 16:02:03',	1,	1,	23,	NULL,	NULL,	NULL,	NULL,	NULL),
(552,	'NONE',	'2014-04-07 16:02:03',	1,	1,	11,	NULL,	NULL,	NULL,	NULL,	NULL),
(553,	'NONE',	'2014-04-08 14:23:50',	1,	1,	11,	NULL,	NULL,	NULL,	NULL,	NULL),
(554,	'1396981640.0',	'2014-04-08 14:27:20',	2,	1,	15,	'',	'12345678901',	'1',	NULL,	NULL),
(555,	'1396981640.0',	'2014-04-08 14:27:27',	2,	2,	12,	'7',	'1396981640.1',	'7',	NULL,	NULL),
(556,	'1396981640.0',	'2014-04-08 14:27:49',	2,	2,	10,	'7',	'22',	'1',	NULL,	NULL),
(557,	'1396982200.4',	'2014-04-08 14:36:40',	2,	1,	15,	'',	'12345678901',	'1',	NULL,	NULL),
(558,	'1396982200.4',	'2014-04-08 14:36:48',	2,	2,	12,	'8',	'1396982200.5',	'8',	NULL,	NULL),
(559,	'1396982200.4',	'2014-04-08 14:40:08',	2,	2,	10,	'8',	'200',	'1',	NULL,	NULL),
(560,	'1396984500.8',	'2014-04-08 15:15:00',	2,	1,	15,	'',	'12345678901',	'1',	NULL,	NULL),
(561,	'1396984500.8',	'2014-04-08 15:15:04',	2,	2,	12,	'4',	'1396984500.9',	'3',	NULL,	NULL),
(562,	'NONE',	'2014-04-08 15:19:08',	1,	1,	11,	NULL,	NULL,	NULL,	NULL,	NULL),
(563,	'NONE',	'2014-04-08 15:26:15',	1,	1,	11,	NULL,	NULL,	NULL,	NULL,	NULL),
(564,	'1396984500.8',	'2014-04-08 15:27:13',	2,	2,	10,	'4',	'729',	'1',	NULL,	NULL),
(565,	'CLI',	'2014-04-08 15:27:45',	3,	7,	2,	NULL,	NULL,	NULL,	NULL,	NULL),
(566,	'CLI',	'2014-04-08 15:28:24',	3,	7,	24,	NULL,	NULL,	NULL,	NULL,	NULL),
(567,	'CLI',	'2014-04-08 15:28:37',	3,	8,	2,	NULL,	NULL,	NULL,	NULL,	NULL),
(568,	'NONE',	'2014-04-08 15:30:06',	1,	1,	11,	NULL,	NULL,	NULL,	NULL,	NULL),
(569,	'CLI',	'2014-04-08 15:30:13',	4,	8,	2,	NULL,	NULL,	NULL,	NULL,	NULL),
(570,	'1396985421.20',	'2014-04-08 15:30:21',	4,	1,	15,	'',	'1000002007',	'1',	NULL,	NULL),
(571,	'1396985421.20',	'2014-04-08 15:30:25',	4,	8,	12,	'4',	'1396985421.21',	'4',	NULL,	NULL),
(572,	'1396985421.20',	'2014-04-08 15:30:32',	4,	8,	10,	'4',	'7',	'1',	NULL,	NULL),
(573,	'1396985769.24',	'2014-04-08 15:36:09',	4,	1,	15,	'',	'1000002007',	'1',	NULL,	NULL),
(574,	'1396985769.24',	'2014-04-08 15:36:14',	4,	8,	12,	'5',	'1396985769.25',	'4',	NULL,	NULL),
(575,	'1396985769.24',	'2014-04-08 15:36:20',	4,	8,	10,	'5',	'6',	'1',	NULL,	NULL),
(576,	'1396987176.28',	'2014-04-08 15:59:36',	4,	1,	15,	'',	'1000002007',	'1',	NULL,	NULL),
(577,	'1396987176.28',	'2014-04-08 15:59:43',	4,	8,	12,	'7',	'1396987176.29',	'6',	NULL,	NULL),
(578,	'1396987176.28',	'2014-04-08 15:59:48',	4,	8,	10,	'7',	'5',	'1',	NULL,	NULL),
(579,	'NONE',	'2014-04-08 16:02:01',	1,	1,	11,	NULL,	NULL,	NULL,	NULL,	NULL),
(580,	'CLI',	'2014-04-08 16:19:43',	4,	8,	24,	NULL,	NULL,	NULL,	NULL,	NULL),
(581,	'CLI',	'2014-04-08 16:21:07',	4,	9,	2,	NULL,	NULL,	NULL,	NULL,	NULL),
(582,	'CLI',	'2014-04-08 16:21:44',	4,	9,	24,	NULL,	NULL,	NULL,	NULL,	NULL),
(583,	'CLI',	'2014-04-08 16:21:51',	4,	10,	2,	NULL,	NULL,	NULL,	NULL,	NULL),
(584,	'1396988527.36',	'2014-04-08 16:22:08',	4,	1,	15,	'',	'1000002007',	'1',	NULL,	NULL),
(585,	'1396988527.36',	'2014-04-08 16:22:12',	4,	10,	12,	'4',	'1396988528.37',	'4',	NULL,	NULL),
(586,	'1396988527.36',	'2014-04-08 16:23:09',	4,	10,	10,	'4',	'57',	'1',	NULL,	NULL),
(587,	'1396988652.40',	'2014-04-08 16:24:12',	4,	1,	15,	'',	'1000002007',	'1',	NULL,	NULL),
(588,	'1396988652.40',	'2014-04-08 16:24:26',	4,	10,	12,	'14',	'1396988652.41',	'13',	NULL,	NULL),
(589,	'1396988652.40',	'2014-04-08 16:24:30',	4,	10,	10,	'14',	'4',	'1',	NULL,	NULL),
(590,	'NONE',	'2014-04-08 16:30:15',	1,	1,	11,	NULL,	NULL,	NULL,	NULL,	NULL),
(591,	'1396989058.44',	'2014-04-08 16:30:58',	4,	1,	15,	'',	'1000002007',	'1',	NULL,	NULL),
(592,	'1396989058.44',	'2014-04-08 16:31:01',	4,	10,	12,	'3',	'1396989058.45',	'3',	NULL,	NULL),
(593,	'1396989058.44',	'2014-04-08 16:31:03',	4,	10,	10,	'3',	'2',	'1',	NULL,	NULL),
(594,	'NONE',	'2014-04-08 16:36:44',	1,	1,	23,	NULL,	NULL,	NULL,	NULL,	NULL),
(595,	'1396989404.0',	'2014-04-08 16:36:44',	4,	1,	15,	'',	'1000002007',	'1',	NULL,	NULL),
(596,	'1396989404.0',	'2014-04-08 16:36:48',	4,	10,	12,	'4',	'1396989404.1',	'3',	NULL,	NULL),
(597,	'1396989404.0',	'2014-04-08 16:37:02',	4,	10,	10,	'4',	'14',	'1',	NULL,	NULL),
(598,	'1396989451.4',	'2014-04-08 16:37:31',	4,	1,	15,	'',	'1000002007',	'1',	NULL,	NULL),
(599,	'1396989451.4',	'2014-04-08 16:37:33',	4,	10,	12,	'2',	'1396989451.5',	'1',	NULL,	NULL),
(600,	'1396989451.4',	'2014-04-08 16:37:44',	4,	10,	10,	'2',	'11',	'1',	NULL,	NULL),
(601,	'NONE',	'2014-04-08 16:38:59',	1,	1,	11,	NULL,	NULL,	NULL,	NULL,	NULL),
(602,	'NONE',	'2014-04-08 16:39:18',	1,	1,	11,	NULL,	NULL,	NULL,	NULL,	NULL),
(603,	'1396989571.8',	'2014-04-08 16:39:31',	4,	1,	15,	'',	'1000002007',	'1',	NULL,	NULL),
(604,	'1396989571.8',	'2014-04-08 16:39:34',	4,	10,	12,	'3',	'1396989571.9',	'2',	NULL,	NULL),
(605,	'1396989571.8',	'2014-04-08 16:39:36',	4,	10,	10,	'3',	'2',	'1',	NULL,	NULL),
(606,	'1396989594.12',	'2014-04-08 16:39:55',	4,	1,	15,	'',	'1000002007',	'1',	NULL,	NULL),
(607,	'1396989594.12',	'2014-04-08 16:39:57',	4,	10,	12,	'2',	'1396989595.13',	'2',	NULL,	NULL),
(608,	'1396989594.12',	'2014-04-08 16:40:00',	4,	10,	10,	'2',	'3',	'1',	NULL,	NULL),
(609,	'1396996568.16',	'2014-04-08 18:36:08',	4,	1,	15,	'',	'1000002007',	'1',	NULL,	NULL),
(610,	'1396996568.16',	'2014-04-08 18:36:19',	4,	1,	1,	'1',	'1',	'11',	NULL,	NULL),
(611,	'1396996584.20',	'2014-04-08 18:36:24',	4,	1,	15,	'',	'1000002007',	'1',	NULL,	NULL),
(612,	'1396996584.20',	'2014-04-08 18:36:26',	4,	10,	12,	'2',	'1396996584.21',	'1',	NULL,	NULL),
(613,	'1396996584.20',	'2014-04-08 18:36:33',	4,	10,	10,	'2',	'7',	'1',	NULL,	NULL),
(614,	'CLI',	'2014-04-08 19:07:34',	4,	10,	24,	NULL,	NULL,	NULL,	NULL,	NULL),
(615,	'CLI',	'2014-04-08 19:08:00',	4,	8,	2,	NULL,	NULL,	NULL,	NULL,	NULL),
(616,	'1396998489.24',	'2014-04-08 19:08:09',	4,	1,	15,	'',	'1000002007',	'1',	NULL,	NULL),
(617,	'1396998489.24',	'2014-04-08 19:08:23',	4,	8,	12,	'14',	'1396998489.25',	'13',	NULL,	NULL),
(618,	'1396998489.24',	'2014-04-08 19:08:33',	4,	8,	10,	'14',	'10',	'1',	NULL,	NULL),
(619,	'1397000379.28',	'2014-04-08 19:39:39',	2,	1,	15,	'',	'12345678901',	'1',	NULL,	NULL),
(620,	'1397000379.28',	'2014-04-08 19:39:54',	2,	2,	25,	'15000',	NULL,	NULL,	NULL,	NULL),
(621,	'1397000379.28',	'2014-04-08 19:39:59',	2,	2,	12,	'20',	'1397000395.32',	'3',	NULL,	NULL),
(622,	'1397000379.28',	'2014-04-08 19:43:45',	2,	2,	10,	'20',	'226',	'1',	NULL,	NULL),
(623,	'1397003166.39',	'2014-04-08 20:26:06',	2,	1,	15,	'',	'12345678901',	'1',	NULL,	NULL),
(624,	'1397003166.39',	'2014-04-08 20:26:21',	2,	2,	25,	'15000',	NULL,	NULL,	NULL,	NULL),
(625,	'1397003166.39',	'2014-04-08 20:26:24',	2,	2,	12,	'18',	'1397003182.43',	'1',	NULL,	NULL),
(626,	'1397003166.39',	'2014-04-08 20:26:46',	2,	2,	10,	'18',	'22',	'1',	NULL,	NULL),
(627,	'1397003415.46',	'2014-04-08 20:30:15',	2,	1,	15,	'',	'12345678901',	'1',	NULL,	NULL),
(628,	'1397003415.46',	'2014-04-08 20:30:25',	2,	2,	12,	'10',	'1397003415.47',	'9',	NULL,	NULL),
(629,	'1397003415.46',	'2014-04-08 20:30:36',	2,	2,	10,	'10',	'11',	'1',	NULL,	NULL),
(630,	'1397004102.50',	'2014-04-08 20:41:42',	2,	1,	15,	'',	'12345678901',	'1',	NULL,	NULL),
(631,	'1397004102.50',	'2014-04-08 20:41:47',	2,	2,	12,	'5',	'1397004102.51',	'4',	NULL,	NULL),
(632,	'1397004102.50',	'2014-04-08 20:41:55',	2,	2,	10,	'5',	'8',	'1',	NULL,	NULL),
(633,	'1397004476.54',	'2014-04-08 20:47:56',	2,	1,	15,	'',	'12345678901',	'1',	NULL,	NULL),
(634,	'1397004476.54',	'2014-04-08 20:48:01',	2,	2,	12,	'5',	'1397004476.55',	'4',	NULL,	NULL),
(635,	'1397004476.54',	'2014-04-08 20:48:08',	2,	2,	10,	'5',	'7',	'1',	NULL,	NULL),
(636,	'1397004535.58',	'2014-04-08 20:48:55',	2,	1,	15,	'',	'12345678901',	'1',	NULL,	NULL),
(637,	'1397004535.58',	'2014-04-08 20:49:04',	2,	2,	12,	'9',	'1397004535.59',	'9',	NULL,	NULL),
(638,	'1397004535.58',	'2014-04-08 20:49:30',	2,	2,	10,	'9',	'26',	'1',	NULL,	NULL),
(639,	'1397004912.64',	'2014-04-08 20:55:12',	5,	1,	15,	'',	'12345678901',	'1',	NULL,	NULL),
(640,	'1397004912.64',	'2014-04-08 20:55:21',	5,	3,	25,	'9000',	NULL,	NULL,	NULL,	NULL),
(641,	'1397004912.64',	'2014-04-08 20:55:27',	5,	1,	1,	'1',	'1',	'15',	NULL,	NULL),
(642,	'1397004980.71',	'2014-04-08 20:56:20',	5,	1,	15,	'',	'1000002007',	'1',	NULL,	NULL),
(643,	'1397004980.71',	'2014-04-08 20:56:28',	5,	3,	25,	'8000',	NULL,	NULL,	NULL,	NULL),
(644,	'1397004980.71',	'2014-04-08 20:56:36',	5,	1,	1,	'1',	'1',	'16',	NULL,	NULL),
(645,	'NONE',	'2014-04-08 20:59:08',	1,	1,	11,	NULL,	NULL,	NULL,	NULL,	NULL),
(646,	'1397005204.82',	'2014-04-08 21:00:04',	2,	1,	15,	'',	'12345678901',	'1',	NULL,	NULL),
(647,	'1397005204.82',	'2014-04-08 21:00:07',	2,	2,	12,	'3',	'1397005204.83',	'0',	NULL,	NULL),
(648,	'1397005204.82',	'2014-04-08 21:00:36',	2,	2,	10,	'3',	'29',	'1',	NULL,	NULL),
(649,	'1397005354.86',	'2014-04-08 21:02:34',	5,	1,	15,	'',	'12345678901',	'1',	NULL,	NULL),
(650,	'1397005354.86',	'2014-04-08 21:02:41',	5,	3,	12,	'7',	'1397005354.87',	'6',	NULL,	NULL),
(651,	'1397005354.86',	'2014-04-08 21:02:52',	5,	3,	10,	'7',	'11',	'1',	NULL,	NULL),
(652,	'1397005457.90',	'2014-04-08 21:04:17',	5,	1,	15,	'',	'12345678901',	'1',	NULL,	NULL),
(653,	'1397005457.90',	'2014-04-08 21:04:22',	5,	3,	12,	'5',	'1397005457.91',	'4',	NULL,	NULL),
(654,	'1397005475.94',	'2014-04-08 21:04:35',	2,	1,	15,	'',	'1004',	'1',	NULL,	NULL),
(655,	'1397005475.94',	'2014-04-08 21:04:42',	2,	2,	12,	'7',	'1397005475.95',	'0',	NULL,	NULL),
(656,	'1397005475.94',	'2014-04-08 21:07:30',	2,	2,	10,	'7',	'168',	'1',	NULL,	NULL),
(657,	'1397005669.98',	'2014-04-08 21:07:49',	2,	1,	15,	'',	'1004',	'1',	NULL,	NULL),
(658,	'1397005669.98',	'2014-04-08 21:07:53',	2,	2,	12,	'4',	'1397005669.99',	'0',	NULL,	NULL),
(659,	'1397005669.98',	'2014-04-08 21:08:46',	2,	2,	10,	'4',	'53',	'1',	NULL,	NULL),
(660,	'1397005457.90',	'2014-04-08 21:11:46',	5,	3,	10,	'5',	'444',	'1',	NULL,	NULL),
(661,	'1397006532.102',	'2014-04-08 21:22:13',	5,	1,	15,	'',	'12345678901',	'1',	NULL,	NULL),
(662,	'1397006532.102',	'2014-04-08 21:22:17',	5,	3,	12,	'4',	'1397006533.103',	'3',	NULL,	NULL),
(663,	'1397006532.102',	'2014-04-08 21:23:26',	5,	3,	10,	'4',	'69',	'1',	NULL,	NULL),
(664,	'1397006661.106',	'2014-04-08 21:24:21',	5,	1,	15,	'',	'12345678901',	'1',	NULL,	NULL),
(665,	'1397006661.106',	'2014-04-08 21:24:24',	5,	3,	12,	'3',	'1397006661.107',	'2',	NULL,	NULL),
(666,	'1397006675.110',	'2014-04-08 21:24:35',	2,	1,	15,	'',	'1004',	'1',	NULL,	NULL),
(667,	'1397006675.110',	'2014-04-08 21:24:39',	2,	2,	12,	'4',	'1397006675.111',	'0',	NULL,	NULL),
(668,	'1397006675.110',	'2014-04-08 21:25:10',	2,	2,	10,	'4',	'31',	'1',	NULL,	NULL),
(669,	'1397006661.106',	'2014-04-08 21:25:26',	5,	3,	10,	'3',	'62',	'1',	NULL,	NULL),
(670,	'NONE',	'2014-04-08 21:26:46',	1,	1,	11,	NULL,	NULL,	NULL,	NULL,	NULL),
(671,	'1397007316.114',	'2014-04-08 21:35:16',	5,	1,	15,	'',	'1000002007',	'1',	NULL,	NULL),
(672,	'1397007316.114',	'2014-04-08 21:35:20',	5,	3,	12,	'4',	'1397007316.115',	'3',	NULL,	NULL),
(673,	'1397007345.118',	'2014-04-08 21:35:45',	2,	1,	15,	'',	'1004',	'1',	NULL,	NULL),
(674,	'1397007345.118',	'2014-04-08 21:35:58',	2,	2,	12,	'13',	'1397007345.119',	'0',	NULL,	NULL),
(675,	'1397007316.114',	'2014-04-08 21:37:31',	5,	3,	10,	'4',	'131',	'1',	NULL,	NULL),
(676,	'1397007345.118',	'2014-04-08 21:37:51',	2,	2,	10,	'13',	'113',	'1',	NULL,	NULL),
(677,	'1397008090.122',	'2014-04-08 21:48:11',	5,	1,	15,	'',	'1000002007',	'1',	NULL,	NULL),
(678,	'1397008090.122',	'2014-04-08 21:48:14',	5,	3,	12,	'3',	'1397008091.123',	'3',	NULL,	NULL),
(679,	'1397008131.126',	'2014-04-08 21:48:51',	2,	1,	15,	'',	'1004',	'1',	NULL,	NULL),
(680,	'1397008131.126',	'2014-04-08 21:48:54',	2,	2,	12,	'3',	'1397008131.127',	'0',	NULL,	NULL),
(681,	'1397008131.126',	'2014-04-08 21:49:23',	2,	2,	10,	'3',	'29',	'1',	NULL,	NULL),
(682,	'1397008090.122',	'2014-04-08 21:49:28',	5,	3,	10,	'3',	'74',	'1',	NULL,	NULL),
(683,	'CLI',	'2014-04-08 23:55:14',	5,	3,	24,	NULL,	NULL,	NULL,	NULL,	NULL),
(684,	'1397015743.130',	'2014-04-08 23:55:44',	5,	1,	15,	'',	'12345678901',	'1',	NULL,	NULL),
(685,	'1397015743.130',	'2014-04-08 23:56:14',	5,	1,	18,	'1',	'1',	'30',	NULL,	NULL),
(686,	'1397015743.130',	'2014-04-08 23:56:14',	2,	1,	15,	'',	'12345678901',	'1',	NULL,	NULL),
(687,	'1397015743.130',	'2014-04-08 23:57:07',	2,	2,	12,	'53',	'1397015774.131',	'0',	NULL,	NULL),
(688,	'1397015743.130',	'2014-04-08 23:57:13',	2,	2,	10,	'53',	'6',	'1',	NULL,	NULL),
(689,	'NONE',	'2014-04-09 16:02:02',	688,	1,	11,	NULL,	NULL,	NULL,	NULL,	NULL),
(690,	'CLI',	'2014-04-10 02:26:23',	689,	2,	24,	NULL,	NULL,	NULL,	NULL,	NULL),
(691,	'CLI',	'2014-04-10 02:26:49',	6,	4,	24,	NULL,	NULL,	NULL,	NULL,	NULL),
(692,	'CLI',	'2014-04-10 02:27:13',	2,	2,	2,	NULL,	NULL,	NULL,	NULL,	NULL),
(693,	'CLI',	'2014-04-10 02:28:05',	5,	3,	2,	NULL,	NULL,	NULL,	NULL,	NULL),
(694,	'CLI',	'2014-04-10 02:28:13',	6,	4,	2,	NULL,	NULL,	NULL,	NULL,	NULL),
(695,	'1397117414.134',	'2014-04-10 04:10:15',	2,	1,	15,	'',	'12345678901',	'1',	NULL,	NULL),
(696,	'1397117414.134',	'2014-04-10 04:10:30',	2,	2,	12,	'15',	'1397117415.135',	'0',	NULL,	NULL),
(697,	'1397117414.134',	'2014-04-10 04:10:59',	2,	2,	10,	'15',	'29',	'1',	NULL,	NULL),
(698,	'CLI',	'2014-04-10 04:12:00',	5,	3,	24,	NULL,	NULL,	NULL,	NULL,	NULL),
(699,	'1397117547.138',	'2014-04-10 04:12:27',	5,	1,	15,	'',	'12345678901',	'1',	NULL,	NULL),
(700,	'1397117547.138',	'2014-04-10 04:12:57',	5,	1,	18,	'1',	'1',	'30',	NULL,	NULL),
(701,	'1397117547.138',	'2014-04-10 04:12:57',	2,	1,	15,	'',	'12345678901',	'1',	NULL,	NULL),
(702,	'1397117547.138',	'2014-04-10 04:13:24',	2,	2,	12,	'27',	'1397117577.139',	'0',	NULL,	NULL),
(703,	'1397117547.138',	'2014-04-10 04:13:41',	2,	2,	10,	'27',	'17',	'1',	NULL,	NULL),
(704,	'1397118417.142',	'2014-04-10 04:26:57',	5,	1,	15,	'',	'12345678901',	'1',	NULL,	NULL),
(705,	'1397118417.142',	'2014-04-10 04:27:27',	5,	1,	18,	'1',	'1',	'30',	NULL,	NULL),
(706,	'1397118417.142',	'2014-04-10 04:27:27',	2,	1,	15,	'',	'12345678901',	'1',	NULL,	NULL),
(707,	'1397118417.142',	'2014-04-10 04:27:35',	2,	2,	12,	'8',	'1397118447.143',	'0',	NULL,	NULL),
(708,	'1397118417.142',	'2014-04-10 04:27:39',	2,	2,	10,	'8',	'4',	'1',	NULL,	NULL),
(709,	'NONE',	'2014-04-10 04:29:46',	1,	1,	11,	NULL,	NULL,	NULL,	NULL,	NULL),
(710,	'1397118639.146',	'2014-04-10 04:30:40',	5,	1,	15,	'',	'12345678901',	'1',	NULL,	NULL),
(711,	'1397118639.146',	'2014-04-10 04:31:10',	5,	1,	18,	'1',	'1',	'30',	NULL,	NULL),
(712,	'1397118639.146',	'2014-04-10 04:31:10',	2,	1,	15,	'',	'12345678901',	'1',	NULL,	NULL),
(713,	'1397118639.146',	'2014-04-10 04:31:33',	2,	2,	12,	'23',	'1397118670.147',	'0',	NULL,	NULL),
(714,	'1397118639.146',	'2014-04-10 04:31:43',	2,	2,	10,	'23',	'10',	'1',	NULL,	NULL),
(715,	'CLI',	'2014-04-10 04:37:23',	6,	4,	24,	NULL,	NULL,	NULL,	NULL,	NULL),
(716,	'CLI',	'2014-04-10 04:37:30',	2,	2,	24,	NULL,	NULL,	NULL,	NULL,	NULL),
(717,	'CLI',	'2014-04-10 04:37:39',	6,	4,	2,	NULL,	NULL,	NULL,	NULL,	NULL),
(718,	'CLI',	'2014-04-10 04:37:48',	2,	2,	2,	NULL,	NULL,	NULL,	NULL,	NULL),
(719,	'1397119258.150',	'2014-04-10 04:40:59',	5,	1,	15,	'',	'12345678901',	'1',	NULL,	NULL),
(720,	'1397119258.150',	'2014-04-10 04:41:29',	5,	1,	18,	'1',	'1',	'30',	NULL,	NULL),
(721,	'1397119258.150',	'2014-04-10 04:41:29',	2,	1,	15,	'',	'12345678901',	'1',	NULL,	NULL),
(722,	'1397119258.150',	'2014-04-10 04:41:36',	2,	2,	12,	'7',	'1397119289.151',	'0',	NULL,	NULL),
(723,	'1397119258.150',	'2014-04-10 04:41:49',	2,	2,	10,	'7',	'13',	'1',	NULL,	NULL),
(724,	'1397119546.154',	'2014-04-10 04:45:46',	5,	1,	15,	'',	'12345678901',	'1',	NULL,	NULL),
(725,	'1397119546.154',	'2014-04-10 04:46:16',	5,	1,	18,	'1',	'1',	'30',	NULL,	NULL),
(726,	'1397119546.154',	'2014-04-10 04:46:16',	2,	1,	15,	'',	'12345678901',	'1',	NULL,	NULL),
(727,	'1397119546.154',	'2014-04-10 04:46:26',	2,	2,	12,	'10',	'1397119576.155',	'0',	NULL,	NULL),
(728,	'1397119546.154',	'2014-04-10 04:46:30',	2,	2,	10,	'10',	'4',	'1',	NULL,	NULL),
(729,	'NONE',	'2014-04-10 04:58:59',	1,	1,	11,	NULL,	NULL,	NULL,	NULL,	NULL),
(730,	'1397120379.158',	'2014-04-10 04:59:39',	2,	1,	15,	'',	'12345678901',	'1',	NULL,	NULL),
(731,	'1397120379.158',	'2014-04-10 04:59:51',	2,	2,	12,	'12',	'1397120379.159',	'0',	NULL,	NULL),
(732,	'1397120379.158',	'2014-04-10 05:00:09',	2,	2,	10,	'12',	'18',	'1',	NULL,	NULL),
(733,	'NONE',	'2014-04-10 05:01:33',	1,	1,	11,	NULL,	NULL,	NULL,	NULL,	NULL),
(734,	'1397120504.167',	'2014-04-10 05:01:45',	2,	1,	15,	'',	'12345678901',	'1',	NULL,	NULL),
(735,	'1397120504.167',	'2014-04-10 05:01:52',	2,	1,	1,	'1',	'1',	'7',	NULL,	NULL);

DELIMITER ;;

CREATE TRIGGER `queue_stats_ins` AFTER INSERT ON `queue_stats` FOR EACH ROW
BEGIN

SET @event_name = ''; SET @queue_name = ''; SET @agent_name = ''; SET @enterdate  = '';
SET @connectdate= ''; SET @clid       = ''; SET @position   = ''; SET @url        = '';
set @overflow   = ''; SET @firstenter = ''; SET @lastenter  = '';

SELECT event FROM qevent WHERE event_id = NEW.qevent INTO @event_name;
SELECT agent FROM qagent WHERE agent_id = NEW.qagent INTO @agent_name;
SELECT queue FROM qname  WHERE queue_id = NEW.qname  INTO @queue_name;

IF @event_name LIKE 'COMPLETE%' THEN




SELECT datetime,info1,info2,info3 FROM queue_stats JOIN qevent ON qevent=event_id WHERE event='ENTERQUEUE' 
AND uniqueid=NEW.uniqueid ORDER BY datetime DESC LIMIT 1 INTO @enterdate,@url,@clid,@position;


SELECT datetime FROM queue_stats JOIN qevent ON qevent=event_id 
WHERE event='CONNECT' AND uniqueid=NEW.uniqueid ORDER BY datetime DESC LIMIT 1 INTO @connectdate;

SELECT count(*) FROM queue_stats JOIN qevent ON qevent=event_id WHERE event='ENTERQUEUE'
AND uniqueid=NEW.uniqueid INTO @overflow;




REPLACE INTO queue_stats_mv (uniqueid,event,agent,queue,datetime,datetimeconnect,datetimeend,clid,position,url,overflow) 
VALUES (NEW.uniqueid,@event_name,@agent_name,@queue_name,@enterdate,@connectdate,NEW.datetime,@clid,IFNULL(NEW.info3,1),@url,@overflow);

ELSEIF @event_name='TRANSFER' THEN



SELECT datetime,info1,info2,info3 FROM queue_stats JOIN qevent ON qevent=event_id WHERE event='ENTERQUEUE' 
AND uniqueid=NEW.uniqueid ORDER BY datetime LIMIT 1 INTO @enterdate,@url,@clid,@position;

SELECT datetime FROM queue_stats JOIN qevent ON qevent=event_id 
WHERE event='CONNECT' AND uniqueid=NEW.uniqueid ORDER BY datetime DESC LIMIT 1 INTO @connectdate;

SELECT count(*) FROM queue_stats JOIN qevent ON qevent=event_id WHERE event='ENTERQUEUE'
AND uniqueid=NEW.uniqueid INTO @overflow;

REPLACE INTO queue_stats_mv (uniqueid,event,agent,queue,datetime,datetimeconnect,datetimeend,clid,position,url,info1,info2,overflow) 
VALUES (NEW.uniqueid,@event_name,@agent_name,@queue_name,@enterdate,@connectdate,NEW.datetime,@clid,IFNULL(@position,1),@url,IFNULL(NEW.info1,0),IFNULL(NEW.info2,0),@overflow);

ELSEIF @event_name LIKE '%ABANDON%' OR @event_name LIKE 'EXIT%' THEN



SELECT datetime,info1,info2,info3 FROM queue_stats JOIN qevent ON qevent=event_id WHERE event='ENTERQUEUE' 
AND uniqueid=NEW.uniqueid ORDER BY datetime LIMIT 1 INTO @enterdate,@url,@clid,@position;

SELECT count(*) FROM queue_stats JOIN qevent ON qevent=event_id WHERE event='ENTERQUEUE'
AND uniqueid=NEW.uniqueid INTO @overflow;

SET @connectdate = @enterdate;

REPLACE INTO queue_stats_mv (uniqueid,event,agent,queue,datetime,datetimeconnect,datetimeend,clid,position,url,info1,info2,overflow) 
VALUES (NEW.uniqueid,@event_name,@agent_name,@queue_name,@enterdate,@connectdate,NEW.datetime,@clid,IFNULL(@position,1),@url,IFNULL(NEW.info1,0),IFNULL(NEW.info2,0),@overflow);

ELSEIF @event_name LIKE 'AGENT%' OR @event_name LIKE '%PAUSE%' OR @event_name LIKE '%MEMBER%' THEN 



INSERT INTO queue_stats_mv (uniqueid,event,agent,queue,datetime,datetimeconnect,datetimeend,info1,info2) 
VALUES (CONCAT_WS('.','x',UNIX_TIMESTAMP(NOW()),NEW.queue_stats_id),@event_name,@agent_name,@queue_name,NEW.datetime,NEW.datetime,NEW.datetime,IFNULL(NEW.info1,0),IFNULL(NEW.info2,0));

END IF;
END;;

DELIMITER ;

DROP TABLE IF EXISTS `queue_stats_mv`;
CREATE TABLE `queue_stats_mv` (
  `id` int(11) unsigned NOT NULL AUTO_INCREMENT,
  `datetime` timestamp NOT NULL DEFAULT CURRENT_TIMESTAMP ON UPDATE CURRENT_TIMESTAMP,
  `datetimeconnect` timestamp NOT NULL DEFAULT '0000-00-00 00:00:00',
  `datetimeend` timestamp NOT NULL DEFAULT '0000-00-00 00:00:00',
  `queue` varchar(100) NOT NULL DEFAULT '',
  `agent` varchar(100) NOT NULL DEFAULT '',
  `event` varchar(40) NOT NULL DEFAULT '',
  `uniqueid` varchar(50) NOT NULL DEFAULT '',
  `clid` varchar(50) NOT NULL DEFAULT '',
  `url` varchar(100) NOT NULL DEFAULT '',
  `position` int(6) unsigned NOT NULL DEFAULT '1',
  `info1` varchar(50) NOT NULL DEFAULT '',
  `info2` varchar(50) NOT NULL DEFAULT '',
  `overflow` int(6) unsigned NOT NULL DEFAULT '1',
  PRIMARY KEY (`id`),
  UNIQUE KEY `uni` (`uniqueid`),
  KEY `fecha` (`datetime`)
) ENGINE=MyISAM DEFAULT CHARSET=latin1;

INSERT INTO `queue_stats_mv` (`id`, `datetime`, `datetimeconnect`, `datetimeend`, `queue`, `agent`, `event`, `uniqueid`, `clid`, `url`, `position`, `info1`, `info2`, `overflow`) VALUES
(1,	'2014-03-27 06:01:36',	'2014-03-27 06:02:03',	'2014-03-27 06:02:43',	'5001',	'Agent/1003',	'COMPLETECALLER',	'1395914496.5',	'1001',	'',	1,	'',	'',	1),
(2,	'2014-03-27 06:03:18',	'2014-03-27 06:03:22',	'2014-03-27 06:03:42',	'5001',	'Agent/1003',	'COMPLETECALLER',	'1395914598.27',	'1001',	'',	1,	'',	'',	1),
(3,	'2014-03-27 06:05:11',	'2014-03-27 06:05:18',	'2014-03-27 06:05:46',	'5001',	'Agent/1003',	'COMPLETECALLER',	'1395914710.35',	'1001',	'',	1,	'',	'',	1),
(4,	'2014-03-27 07:30:01',	'2014-03-27 07:30:44',	'2014-03-27 07:31:00',	'5001',	'Agent/1003',	'COMPLETECALLER',	'1395919801.43',	'1001',	'',	1,	'',	'',	1),
(5,	'2014-03-27 07:32:37',	'2014-03-27 07:32:45',	'2014-03-27 07:32:54',	'5001',	'Agent/1003',	'COMPLETECALLER',	'1395919957.65',	'1001',	'',	1,	'',	'',	1),
(6,	'2014-03-31 20:42:45',	'2014-03-31 20:42:45',	'2014-03-31 20:42:45',	'5001',	'Agent/2003',	'ADDMEMBER',	'x.1396318131.89',	'',	'',	1,	'0',	'0',	1),
(7,	'2014-03-31 20:42:57',	'2014-03-31 20:43:03',	'2014-03-31 20:43:13',	'5001',	'Agent/2003',	'COMPLETECALLER',	'1396312977.5',	'2004',	'',	1,	'',	'',	1),
(8,	'2014-03-31 21:56:31',	'2014-03-31 21:56:31',	'2014-03-31 21:56:46',	'5001',	'NONE',	'ABANDON',	'1396317391.9',	'2004',	'',	1,	'1',	'1',	1),
(9,	'2014-03-31 22:10:16',	'2014-03-31 22:10:23',	'2014-03-31 22:11:17',	'5001',	'Agent/2003',	'COMPLETECALLER',	'1396318216.13',	'2004',	'',	1,	'',	'',	1),
(10,	'2014-03-31 22:55:09',	'2014-03-31 22:55:13',	'2014-03-31 22:55:21',	'5001',	'Agent/2003',	'COMPLETECALLER',	'1396320909.17',	'2004',	'',	1,	'',	'',	1),
(11,	'2014-03-31 22:57:11',	'2014-03-31 22:57:15',	'2014-03-31 22:57:20',	'5001',	'Agent/2003',	'COMPLETECALLER',	'1396321031.21',	'2004',	'',	1,	'',	'',	1),
(12,	'2014-03-31 23:00:42',	'2014-03-31 23:00:42',	'2014-03-31 23:01:46',	'5001',	'NONE',	'ABANDON',	'1396321242.25',	'2004',	'',	1,	'1',	'1',	1),
(13,	'2014-03-31 23:05:35',	'2014-03-31 23:05:35',	'2014-03-31 23:06:04',	'5001',	'NONE',	'ABANDON',	'1396321535.38',	'2004',	'',	1,	'1',	'1',	1),
(14,	'2014-03-31 23:09:35',	'2014-03-31 23:09:35',	'2014-03-31 23:10:00',	'5001',	'NONE',	'ABANDON',	'1396321774.45',	'2004',	'',	1,	'1',	'1',	1),
(15,	'2014-03-31 23:10:39',	'2014-03-31 23:10:39',	'2014-03-31 23:10:42',	'5001',	'NONE',	'ABANDON',	'1396321839.52',	'2004',	'',	1,	'1',	'1',	1),
(16,	'2014-03-31 23:11:52',	'2014-03-31 23:11:52',	'2014-03-31 23:11:55',	'5001',	'NONE',	'ABANDON',	'1396321912.56',	'2004',	'',	1,	'1',	'1',	1),
(17,	'2014-03-31 23:12:30',	'2014-03-31 23:12:30',	'2014-03-31 23:12:45',	'5001',	'NONE',	'ABANDON',	'1396321950.60',	'2004',	'',	1,	'1',	'1',	1),
(18,	'2014-03-31 23:12:56',	'2014-03-31 23:12:56',	'2014-03-31 23:13:01',	'5001',	'NONE',	'ABANDON',	'1396321976.64',	'2004',	'',	1,	'1',	'1',	1),
(19,	'2014-03-31 23:13:35',	'2014-03-31 23:13:35',	'2014-03-31 23:14:08',	'5001',	'NONE',	'ABANDON',	'1396322015.68',	'2004',	'',	1,	'1',	'1',	1),
(20,	'2014-03-31 23:14:31',	'2014-03-31 23:14:31',	'2014-03-31 23:14:36',	'5001',	'NONE',	'ABANDON',	'1396322071.76',	'2004',	'',	1,	'1',	'1',	1),
(21,	'2014-03-31 23:17:34',	'2014-03-31 23:17:34',	'2014-03-31 23:17:47',	'5001',	'NONE',	'ABANDON',	'1396322254.80',	'2004',	'',	1,	'1',	'1',	1),
(22,	'2014-03-31 23:18:31',	'2014-03-31 23:18:31',	'2014-03-31 23:18:35',	'5001',	'NONE',	'ABANDON',	'1396322311.91',	'2004',	'',	2,	'2',	'2',	1),
(23,	'2014-03-31 23:17:59',	'2014-03-31 23:17:59',	'2014-03-31 23:18:43',	'5001',	'NONE',	'ABANDON',	'1396322279.84',	'2004',	'',	1,	'1',	'1',	1),
(24,	'2014-03-31 23:18:59',	'2014-03-31 23:18:59',	'2014-03-31 23:19:02',	'5001',	'NONE',	'ABANDON',	'1396322339.95',	'2004',	'',	1,	'1',	'1',	1),
(25,	'2014-03-31 23:49:23',	'2014-03-31 23:49:23',	'2014-03-31 23:49:26',	'5001',	'NONE',	'ABANDON',	'1396324163.99',	'2004',	'',	1,	'1',	'1',	1),
(26,	'2014-03-31 23:49:35',	'2014-03-31 23:49:35',	'2014-03-31 23:49:54',	'5001',	'NONE',	'ABANDON',	'1396324175.102',	'2004',	'',	1,	'1',	'1',	1),
(27,	'2014-03-31 23:50:00',	'2014-03-31 23:50:00',	'2014-03-31 23:50:23',	'5001',	'NONE',	'ABANDON',	'1396324200.111',	'2004',	'',	1,	'1',	'1',	1),
(28,	'2014-03-31 23:51:31',	'2014-03-31 23:51:31',	'2014-03-31 23:52:19',	'5001',	'NONE',	'ABANDON',	'1396324291.122',	'2004',	'',	1,	'1',	'1',	1),
(29,	'2014-03-31 23:54:31',	'2014-03-31 23:54:31',	'2014-03-31 23:56:10',	'5001',	'NONE',	'ABANDON',	'1396324470.143',	'2004',	'',	1,	'1',	'1',	1),
(30,	'2014-03-31 23:57:30',	'2014-03-31 23:57:30',	'2014-03-31 23:58:03',	'5001',	'NONE',	'ABANDON',	'1396324650.184',	'2004',	'',	1,	'1',	'1',	1),
(31,	'2014-03-31 23:58:10',	'2014-03-31 23:58:10',	'2014-03-31 23:59:16',	'5001',	'NONE',	'ABANDON',	'1396324690.199',	'2004',	'',	1,	'1',	'1',	1),
(32,	'2014-03-31 23:59:21',	'2014-03-31 23:59:21',	'2014-03-31 23:59:25',	'5001',	'NONE',	'ABANDON',	'1396324761.228',	'2004',	'',	1,	'1',	'1',	1),
(33,	'2014-03-31 23:59:31',	'2014-03-31 23:59:31',	'2014-03-31 23:59:39',	'5001',	'NONE',	'ABANDON',	'1396324770.231',	'2004',	'',	1,	'1',	'1',	1),
(34,	'2014-04-01 00:07:50',	'2014-04-01 00:07:50',	'2014-04-01 00:10:09',	'5001',	'NONE',	'ABANDON',	'1396325270.236',	'2004',	'',	1,	'1',	'1',	1),
(35,	'2014-04-01 00:10:16',	'2014-04-01 00:10:16',	'2014-04-01 00:11:54',	'5001',	'NONE',	'ABANDON',	'1396325416.293',	'2004',	'',	1,	'1',	'1',	1),
(36,	'2014-04-01 00:33:46',	'2014-04-01 00:33:46',	'2014-04-01 00:33:47',	'5001',	'NONE',	'ABANDON',	'1396326826.345',	'2004',	'',	2,	'2',	'2',	1),
(37,	'2014-04-01 00:33:22',	'2014-04-01 00:33:22',	'2014-04-01 00:33:50',	'5001',	'NONE',	'ABANDON',	'1396326802.334',	'2004',	'',	1,	'1',	'1',	1),
(38,	'2014-04-01 00:34:17',	'2014-04-01 00:34:17',	'2014-04-01 00:35:18',	'5001',	'NONE',	'ABANDON',	'1396326857.348',	'2004',	'',	1,	'1',	'1',	1),
(39,	'2014-04-01 00:42:01',	'2014-04-01 00:42:01',	'2014-04-01 00:48:01',	'5001',	'NONE',	'ABANDON',	'1396327321.373',	'2004',	'',	1,	'1',	'1',	1),
(40,	'2014-04-01 00:48:07',	'2014-04-01 00:48:07',	'2014-04-01 00:48:24',	'5001',	'NONE',	'ABANDON',	'1396327687.518',	'2004',	'',	1,	'1',	'1',	1),
(41,	'2014-04-01 00:50:17',	'2014-04-01 00:50:17',	'2014-04-01 00:53:08',	'5001',	'NONE',	'ABANDON',	'1396327817.527',	'2004',	'',	1,	'1',	'1',	1),
(42,	'2014-04-01 00:53:10',	'2014-04-01 00:53:10',	'2014-04-01 00:53:49',	'5001',	'NONE',	'ABANDON',	'1396327990.596',	'2004',	'',	1,	'1',	'1',	1),
(43,	'2014-04-01 00:53:58',	'2014-04-01 00:53:58',	'2014-04-01 00:55:44',	'5001',	'NONE',	'ABANDON',	'1396328038.613',	'2004',	'',	1,	'1',	'1',	1),
(44,	'2014-04-01 00:55:46',	'2014-04-01 00:55:46',	'2014-04-01 00:55:56',	'5001',	'NONE',	'ABANDON',	'1396328146.656',	'2004',	'',	1,	'1',	'1',	1),
(45,	'2014-04-01 00:57:47',	'2014-04-01 00:57:47',	'2014-04-01 00:57:52',	'5001',	'NONE',	'ABANDON',	'1396328266.661',	'2004',	'',	1,	'1',	'1',	1),
(46,	'2014-04-01 00:58:24',	'2014-04-01 00:58:24',	'2014-04-01 00:58:31',	'5001',	'NONE',	'ABANDON',	'1396328304.666',	'2004',	'',	1,	'1',	'1',	1),
(47,	'2014-04-01 01:05:06',	'2014-04-01 01:05:06',	'2014-04-01 01:05:16',	'5001',	'NONE',	'ABANDON',	'1396328706.671',	'2004',	'',	1,	'1',	'1',	1),
(48,	'2014-04-01 01:13:01',	'2014-04-01 01:13:06',	'2014-04-01 01:13:22',	'5001',	'Agent/2003',	'COMPLETECALLER',	'1396329181.676',	'2004',	'',	1,	'',	'',	1),
(49,	'2014-04-01 01:15:35',	'2014-04-01 01:15:35',	'2014-04-01 01:15:39',	'5001',	'NONE',	'ABANDON',	'1396329335.680',	'2004',	'',	1,	'1',	'1',	1),
(50,	'2014-04-01 01:16:03',	'2014-04-01 01:16:10',	'2014-04-01 01:16:13',	'5001',	'Agent/2003',	'COMPLETECALLER',	'1396329363.684',	'2004',	'',	1,	'',	'',	1),
(51,	'2014-04-01 01:16:48',	'2014-04-01 01:16:50',	'2014-04-01 01:16:51',	'5001',	'Agent/2003',	'COMPLETECALLER',	'1396329408.688',	'2004',	'',	1,	'',	'',	1),
(52,	'2014-04-01 01:20:38',	'2014-04-01 01:20:41',	'2014-04-01 01:20:42',	'5001',	'Agent/2003',	'COMPLETECALLER',	'1396329638.692',	'2004',	'',	1,	'',	'',	1),
(53,	'2014-04-01 01:30:09',	'2014-04-01 01:30:14',	'2014-04-01 01:30:17',	'5001',	'Agent/2003',	'COMPLETECALLER',	'1396330209.696',	'2004',	'',	1,	'',	'',	1),
(54,	'2014-04-01 01:32:41',	'2014-04-01 01:32:43',	'2014-04-01 01:32:44',	'5001',	'Agent/2003',	'COMPLETECALLER',	'1396330361.700',	'2004',	'',	1,	'',	'',	1),
(55,	'2014-04-01 01:34:24',	'2014-04-01 01:34:26',	'2014-04-01 01:34:27',	'5001',	'Agent/2003',	'COMPLETECALLER',	'1396330464.704',	'2004',	'',	1,	'',	'',	1),
(56,	'2014-04-01 01:41:44',	'2014-04-01 01:41:46',	'2014-04-01 01:41:48',	'5001',	'Agent/2003',	'COMPLETECALLER',	'1396330904.708',	'2004',	'',	1,	'',	'',	1),
(57,	'2014-04-01 01:42:21',	'2014-04-01 01:42:22',	'2014-04-01 01:42:23',	'5001',	'Agent/2003',	'COMPLETECALLER',	'1396330941.712',	'2004',	'',	1,	'',	'',	1),
(58,	'2014-04-01 01:44:58',	'2014-04-01 01:45:00',	'2014-04-01 01:45:02',	'5001',	'Agent/2003',	'COMPLETECALLER',	'1396331098.716',	'2004',	'',	1,	'',	'',	1),
(59,	'2014-04-01 01:46:28',	'2014-04-01 01:46:30',	'2014-04-01 01:46:31',	'5001',	'Agent/2003',	'COMPLETECALLER',	'1396331188.720',	'2004',	'',	1,	'',	'',	1),
(60,	'2014-04-01 01:47:22',	'2014-04-01 01:47:24',	'2014-04-01 01:47:25',	'5001',	'Agent/2003',	'COMPLETECALLER',	'1396331242.724',	'2004',	'',	1,	'',	'',	1),
(61,	'2014-04-01 01:48:12',	'2014-04-01 01:48:13',	'2014-04-01 01:48:14',	'5001',	'Agent/2003',	'COMPLETECALLER',	'1396331292.728',	'2004',	'',	1,	'',	'',	1),
(62,	'2014-04-01 01:48:35',	'2014-04-01 01:48:38',	'2014-04-01 01:48:39',	'5001',	'Agent/2003',	'COMPLETECALLER',	'1396331315.732',	'2004',	'',	1,	'',	'',	1),
(63,	'2014-04-01 01:54:24',	'2014-04-01 01:54:26',	'2014-04-01 01:54:28',	'5001',	'Agent/2003',	'COMPLETECALLER',	'1396331664.736',	'2004',	'',	1,	'',	'',	1),
(64,	'2014-04-01 01:56:11',	'2014-04-01 01:56:14',	'2014-04-01 01:56:16',	'5001',	'Agent/2003',	'COMPLETECALLER',	'1396331771.740',	'2004',	'',	1,	'',	'',	1),
(65,	'2014-04-01 01:56:37',	'2014-04-01 01:56:38',	'2014-04-01 01:56:40',	'5001',	'Agent/2003',	'COMPLETECALLER',	'1396331797.744',	'2004',	'',	1,	'',	'',	1),
(66,	'2014-04-01 01:57:05',	'2014-04-01 01:57:07',	'2014-04-01 01:57:08',	'5001',	'Agent/2003',	'COMPLETECALLER',	'1396331825.748',	'2004',	'',	1,	'',	'',	1),
(67,	'2014-04-01 04:16:32',	'2014-04-01 04:16:32',	'2014-04-01 04:16:45',	'5001',	'NONE',	'ABANDON',	'1396340192.753',	'2001',	'',	1,	'1',	'1',	1),
(68,	'2014-04-01 04:32:55',	'2014-04-01 04:32:55',	'2014-04-01 04:33:00',	'5001',	'NONE',	'ABANDON',	'1396341175.757',	'2001',	'',	1,	'1',	'1',	1),
(69,	'2014-04-01 04:35:43',	'2014-04-01 04:35:46',	'2014-04-01 04:35:50',	'5001',	'Agent/2003',	'COMPLETECALLER',	'1396341343.761',	'2001',	'',	1,	'',	'',	1),
(70,	'2014-04-06 13:45:41',	'2014-04-06 13:45:49',	'2014-04-06 13:45:51',	'5001',	'Agent/2003',	'COMPLETECALLER',	'1396806341.1',	'2004',	'',	1,	'',	'',	1),
(71,	'2014-04-06 14:14:34',	'2014-04-06 14:14:37',	'2014-04-06 14:14:41',	'5001',	'Agent/2003',	'COMPLETECALLER',	'1396808074.5',	'2004',	'',	1,	'',	'',	1),
(72,	'2014-04-06 14:19:31',	'2014-04-06 14:19:34',	'2014-04-06 14:19:37',	'5001',	'Agent/2003',	'COMPLETECALLER',	'1396808371.9',	'2004',	'',	1,	'',	'',	1),
(73,	'2014-04-06 14:25:01',	'2014-04-06 14:25:03',	'2014-04-06 14:25:10',	'5001',	'Agent/2003',	'COMPLETECALLER',	'1396808701.13',	'2004',	'',	1,	'',	'',	1),
(74,	'2014-04-06 15:54:14',	'2014-04-06 15:54:16',	'2014-04-06 15:54:18',	'5001',	'Agent/2003',	'COMPLETECALLER',	'1396814054.20',	'2004',	'',	1,	'',	'',	1),
(75,	'2014-04-06 16:11:50',	'2014-04-06 16:11:52',	'2014-04-06 16:12:02',	'5001',	'Agent/2003',	'COMPLETECALLER',	'1396815109.24',	'2004',	'',	1,	'',	'',	1),
(76,	'2014-04-08 14:27:20',	'2014-04-08 14:27:27',	'2014-04-08 14:27:49',	'5001',	'Agent/1001',	'COMPLETECALLER',	'1396981640.0',	'12345678901',	'',	1,	'',	'',	1),
(77,	'2014-04-08 14:36:40',	'2014-04-08 14:36:48',	'2014-04-08 14:40:08',	'5001',	'Agent/1001',	'COMPLETECALLER',	'1396982200.4',	'12345678901',	'',	1,	'',	'',	1),
(78,	'2014-04-08 15:15:00',	'2014-04-08 15:15:04',	'2014-04-08 15:27:13',	'5001',	'Agent/1001',	'COMPLETECALLER',	'1396984500.8',	'12345678901',	'',	1,	'',	'',	1),
(79,	'2014-04-08 15:27:45',	'2014-04-08 15:27:45',	'2014-04-08 15:27:45',	'5555',	'12345678901/n',	'ADDMEMBER',	'x.1396987064.565',	'',	'',	1,	'0',	'0',	1),
(80,	'2014-04-08 15:28:24',	'2014-04-08 15:28:24',	'2014-04-08 15:28:24',	'5555',	'12345678901/n',	'REMOVEMEMBER',	'x.1396987064.566',	'',	'',	1,	'0',	'0',	1),
(81,	'2014-04-08 15:28:37',	'2014-04-08 15:28:37',	'2014-04-08 15:28:37',	'5555',	'Agent/12345678901',	'ADDMEMBER',	'x.1396987064.567',	'',	'',	1,	'0',	'0',	1),
(82,	'2014-04-08 15:30:13',	'2014-04-08 15:30:13',	'2014-04-08 15:30:13',	'5005',	'Agent/12345678901',	'ADDMEMBER',	'x.1396987064.569',	'',	'',	1,	'0',	'0',	1),
(83,	'2014-04-08 15:30:21',	'2014-04-08 15:30:25',	'2014-04-08 15:30:32',	'5005',	'Agent/12345678901',	'COMPLETECALLER',	'1396985421.20',	'1000002007',	'',	1,	'',	'',	1),
(84,	'2014-04-08 15:36:09',	'2014-04-08 15:36:14',	'2014-04-08 15:36:20',	'5005',	'Agent/12345678901',	'COMPLETECALLER',	'1396985769.24',	'1000002007',	'',	1,	'',	'',	1),
(85,	'2014-04-08 15:59:36',	'2014-04-08 15:59:43',	'2014-04-08 15:59:48',	'5005',	'Agent/12345678901',	'COMPLETECALLER',	'1396987176.28',	'1000002007',	'',	1,	'',	'',	1),
(86,	'2014-04-08 16:19:43',	'2014-04-08 16:19:43',	'2014-04-08 16:19:43',	'5005',	'Agent/12345678901',	'REMOVEMEMBER',	'x.1396988473.580',	'',	'',	1,	'0',	'0',	1),
(87,	'2014-04-08 16:21:07',	'2014-04-08 16:21:07',	'2014-04-08 16:21:07',	'5005',	'Agent/1000002007',	'ADDMEMBER',	'x.1396988533.581',	'',	'',	1,	'0',	'0',	1),
(88,	'2014-04-08 16:21:44',	'2014-04-08 16:21:44',	'2014-04-08 16:21:44',	'5005',	'Agent/1000002007',	'REMOVEMEMBER',	'x.1396988548.582',	'',	'',	1,	'0',	'0',	1),
(89,	'2014-04-08 16:21:51',	'2014-04-08 16:21:51',	'2014-04-08 16:21:51',	'5005',	'Agent/2001',	'ADDMEMBER',	'x.1396988548.583',	'',	'',	1,	'0',	'0',	1),
(90,	'2014-04-08 16:22:08',	'2014-04-08 16:22:12',	'2014-04-08 16:23:09',	'5005',	'Agent/2001',	'COMPLETECALLER',	'1396988527.36',	'1000002007',	'',	1,	'',	'',	1),
(91,	'2014-04-08 16:24:12',	'2014-04-08 16:24:26',	'2014-04-08 16:24:30',	'5005',	'Agent/2001',	'COMPLETECALLER',	'1396988652.40',	'1000002007',	'',	1,	'',	'',	1),
(92,	'2014-04-08 16:30:58',	'2014-04-08 16:31:01',	'2014-04-08 16:31:03',	'5005',	'Agent/2001',	'COMPLETECALLER',	'1396989058.44',	'1000002007',	'',	1,	'',	'',	1),
(93,	'2014-04-08 16:36:44',	'2014-04-08 16:36:48',	'2014-04-08 16:37:02',	'5005',	'Agent/2001',	'COMPLETECALLER',	'1396989404.0',	'1000002007',	'',	1,	'',	'',	1),
(94,	'2014-04-08 16:37:31',	'2014-04-08 16:37:33',	'2014-04-08 16:37:44',	'5005',	'Agent/2001',	'COMPLETECALLER',	'1396989451.4',	'1000002007',	'',	1,	'',	'',	1),
(95,	'2014-04-08 16:39:31',	'2014-04-08 16:39:34',	'2014-04-08 16:39:36',	'5005',	'Agent/2001',	'COMPLETECALLER',	'1396989571.8',	'1000002007',	'',	1,	'',	'',	1),
(96,	'2014-04-08 16:39:55',	'2014-04-08 16:39:57',	'2014-04-08 16:40:00',	'5005',	'Agent/2001',	'COMPLETECALLER',	'1396989594.12',	'1000002007',	'',	1,	'',	'',	1),
(97,	'2014-04-08 18:36:08',	'2014-04-08 18:36:08',	'2014-04-08 18:36:19',	'5005',	'NONE',	'ABANDON',	'1396996568.16',	'1000002007',	'',	1,	'1',	'1',	1),
(98,	'2014-04-08 18:36:24',	'2014-04-08 18:36:26',	'2014-04-08 18:36:33',	'5005',	'Agent/2001',	'COMPLETECALLER',	'1396996584.20',	'1000002007',	'',	1,	'',	'',	1),
(99,	'2014-04-08 19:07:34',	'2014-04-08 19:07:34',	'2014-04-08 19:07:34',	'5005',	'Agent/2001',	'REMOVEMEMBER',	'x.1396998560.614',	'',	'',	1,	'0',	'0',	1),
(100,	'2014-04-08 19:08:00',	'2014-04-08 19:08:00',	'2014-04-08 19:08:00',	'5005',	'Agent/12345678901',	'ADDMEMBER',	'x.1396998560.615',	'',	'',	1,	'0',	'0',	1),
(101,	'2014-04-08 19:08:09',	'2014-04-08 19:08:23',	'2014-04-08 19:08:33',	'5005',	'Agent/12345678901',	'COMPLETECALLER',	'1396998489.24',	'1000002007',	'',	1,	'',	'',	1),
(102,	'2014-04-08 19:39:39',	'2014-04-08 19:39:59',	'2014-04-08 19:43:45',	'5001',	'Agent/1001',	'COMPLETECALLER',	'1397000379.28',	'12345678901',	'',	1,	'',	'',	1),
(103,	'2014-04-08 20:26:06',	'2014-04-08 20:26:24',	'2014-04-08 20:26:46',	'5001',	'Agent/1001',	'COMPLETECALLER',	'1397003166.39',	'12345678901',	'',	1,	'',	'',	1),
(104,	'2014-04-08 20:30:15',	'2014-04-08 20:30:25',	'2014-04-08 20:30:36',	'5001',	'Agent/1001',	'COMPLETECALLER',	'1397003415.46',	'12345678901',	'',	1,	'',	'',	1),
(105,	'2014-04-08 20:41:42',	'2014-04-08 20:41:47',	'2014-04-08 20:41:55',	'5001',	'Agent/1001',	'COMPLETECALLER',	'1397004102.50',	'12345678901',	'',	1,	'',	'',	1),
(106,	'2014-04-08 20:47:56',	'2014-04-08 20:48:01',	'2014-04-08 20:48:08',	'5001',	'Agent/1001',	'COMPLETECALLER',	'1397004476.54',	'12345678901',	'',	1,	'',	'',	1),
(107,	'2014-04-08 20:48:55',	'2014-04-08 20:49:04',	'2014-04-08 20:49:30',	'5001',	'Agent/1001',	'COMPLETECALLER',	'1397004535.58',	'12345678901',	'',	1,	'',	'',	1),
(108,	'2014-04-08 20:55:12',	'2014-04-08 20:55:12',	'2014-04-08 20:55:27',	'5002',	'NONE',	'ABANDON',	'1397004912.64',	'12345678901',	'',	1,	'1',	'1',	1),
(109,	'2014-04-08 20:56:20',	'2014-04-08 20:56:20',	'2014-04-08 20:56:36',	'5002',	'NONE',	'ABANDON',	'1397004980.71',	'1000002007',	'',	1,	'1',	'1',	1),
(110,	'2014-04-08 21:00:04',	'2014-04-08 21:00:07',	'2014-04-08 21:00:36',	'5001',	'Agent/1001',	'COMPLETECALLER',	'1397005204.82',	'12345678901',	'',	1,	'',	'',	1),
(111,	'2014-04-08 21:02:34',	'2014-04-08 21:02:41',	'2014-04-08 21:02:52',	'5002',	'Agent/1002',	'COMPLETECALLER',	'1397005354.86',	'12345678901',	'',	1,	'',	'',	1),
(112,	'2014-04-08 21:04:35',	'2014-04-08 21:04:42',	'2014-04-08 21:07:30',	'5001',	'Agent/1001',	'COMPLETECALLER',	'1397005475.94',	'1004',	'',	1,	'',	'',	1),
(113,	'2014-04-08 21:07:49',	'2014-04-08 21:07:53',	'2014-04-08 21:08:46',	'5001',	'Agent/1001',	'COMPLETECALLER',	'1397005669.98',	'1004',	'',	1,	'',	'',	1),
(114,	'2014-04-08 21:04:17',	'2014-04-08 21:04:22',	'2014-04-08 21:11:46',	'5002',	'Agent/1002',	'COMPLETECALLER',	'1397005457.90',	'12345678901',	'',	1,	'',	'',	1),
(115,	'2014-04-08 21:22:13',	'2014-04-08 21:22:17',	'2014-04-08 21:23:26',	'5002',	'Agent/1002',	'COMPLETECALLER',	'1397006532.102',	'12345678901',	'',	1,	'',	'',	1),
(116,	'2014-04-08 21:24:35',	'2014-04-08 21:24:39',	'2014-04-08 21:25:10',	'5001',	'Agent/1001',	'COMPLETECALLER',	'1397006675.110',	'1004',	'',	1,	'',	'',	1),
(117,	'2014-04-08 21:24:21',	'2014-04-08 21:24:24',	'2014-04-08 21:25:26',	'5002',	'Agent/1002',	'COMPLETECALLER',	'1397006661.106',	'12345678901',	'',	1,	'',	'',	1),
(118,	'2014-04-08 21:35:16',	'2014-04-08 21:35:20',	'2014-04-08 21:37:31',	'5002',	'Agent/1002',	'COMPLETECALLER',	'1397007316.114',	'1000002007',	'',	1,	'',	'',	1),
(119,	'2014-04-08 21:35:45',	'2014-04-08 21:35:58',	'2014-04-08 21:37:51',	'5001',	'Agent/1001',	'COMPLETECALLER',	'1397007345.118',	'1004',	'',	1,	'',	'',	1),
(120,	'2014-04-08 21:48:51',	'2014-04-08 21:48:54',	'2014-04-08 21:49:23',	'5001',	'Agent/1001',	'COMPLETECALLER',	'1397008131.126',	'1004',	'',	1,	'',	'',	1),
(121,	'2014-04-08 21:48:11',	'2014-04-08 21:48:14',	'2014-04-08 21:49:28',	'5002',	'Agent/1002',	'COMPLETECALLER',	'1397008090.122',	'1000002007',	'',	1,	'',	'',	1),
(122,	'2014-04-08 23:55:14',	'2014-04-08 23:55:14',	'2014-04-08 23:55:14',	'5002',	'Agent/1002',	'REMOVEMEMBER',	'x.1397015813.683',	'',	'',	1,	'0',	'0',	1),
(124,	'2014-04-08 23:56:14',	'2014-04-08 23:57:07',	'2014-04-08 23:57:13',	'5001',	'Agent/1001',	'COMPLETECALLER',	'1397015743.130',	'12345678901',	'',	1,	'',	'',	2),
(125,	'2014-04-10 02:26:23',	'2014-04-10 02:26:23',	'2014-04-10 02:26:23',	'',	'Agent/1001',	'REMOVEMEMBER',	'x.1397111293.690',	'',	'',	1,	'0',	'0',	1),
(126,	'2014-04-10 02:26:49',	'2014-04-10 02:26:49',	'2014-04-10 02:26:49',	'5003',	'Agent/1003',	'REMOVEMEMBER',	'x.1397111293.691',	'',	'',	1,	'0',	'0',	1),
(127,	'2014-04-10 02:27:13',	'2014-04-10 02:27:13',	'2014-04-10 02:27:13',	'5001',	'Agent/1001',	'ADDMEMBER',	'x.1397111323.692',	'',	'',	1,	'0',	'0',	1),
(128,	'2014-04-10 02:28:05',	'2014-04-10 02:28:05',	'2014-04-10 02:28:05',	'5002',	'Agent/1002',	'ADDMEMBER',	'x.1397111323.693',	'',	'',	1,	'0',	'0',	1),
(129,	'2014-04-10 02:28:13',	'2014-04-10 02:28:13',	'2014-04-10 02:28:13',	'5003',	'Agent/1003',	'ADDMEMBER',	'x.1397111353.694',	'',	'',	1,	'0',	'0',	1),
(130,	'2014-04-10 04:10:15',	'2014-04-10 04:10:30',	'2014-04-10 04:10:59',	'5001',	'Agent/1001',	'COMPLETECALLER',	'1397117414.134',	'12345678901',	'',	1,	'',	'',	1),
(131,	'2014-04-10 04:12:00',	'2014-04-10 04:12:00',	'2014-04-10 04:12:00',	'5002',	'Agent/1002',	'REMOVEMEMBER',	'x.1397117593.698',	'',	'',	1,	'0',	'0',	1),
(133,	'2014-04-10 04:12:57',	'2014-04-10 04:13:24',	'2014-04-10 04:13:41',	'5001',	'Agent/1001',	'COMPLETECALLER',	'1397117547.138',	'12345678901',	'',	1,	'',	'',	2),
(135,	'2014-04-10 04:27:27',	'2014-04-10 04:27:35',	'2014-04-10 04:27:39',	'5001',	'Agent/1001',	'COMPLETECALLER',	'1397118417.142',	'12345678901',	'',	1,	'',	'',	2),
(137,	'2014-04-10 04:31:10',	'2014-04-10 04:31:33',	'2014-04-10 04:31:43',	'5001',	'Agent/1001',	'COMPLETECALLER',	'1397118639.146',	'12345678901',	'',	1,	'',	'',	2),
(138,	'2014-04-10 04:37:23',	'2014-04-10 04:37:23',	'2014-04-10 04:37:23',	'5003',	'Agent/1003',	'REMOVEMEMBER',	'x.1397119124.715',	'',	'',	1,	'0',	'0',	1),
(139,	'2014-04-10 04:37:30',	'2014-04-10 04:37:30',	'2014-04-10 04:37:30',	'5001',	'Agent/1001',	'REMOVEMEMBER',	'x.1397119124.716',	'',	'',	1,	'0',	'0',	1),
(140,	'2014-04-10 04:37:39',	'2014-04-10 04:37:39',	'2014-04-10 04:37:39',	'5003',	'Agent/1003',	'ADDMEMBER',	'x.1397119124.717',	'',	'',	1,	'0',	'0',	1),
(141,	'2014-04-10 04:37:48',	'2014-04-10 04:37:48',	'2014-04-10 04:37:48',	'5001',	'Agent/1001',	'ADDMEMBER',	'x.1397119184.718',	'',	'',	1,	'0',	'0',	1),
(143,	'2014-04-10 04:41:29',	'2014-04-10 04:41:36',	'2014-04-10 04:41:49',	'5001',	'Agent/1001',	'COMPLETECALLER',	'1397119258.150',	'12345678901',	'',	1,	'',	'',	2),
(145,	'2014-04-10 04:46:16',	'2014-04-10 04:46:26',	'2014-04-10 04:46:30',	'5001',	'Agent/1001',	'COMPLETECALLER',	'1397119546.154',	'12345678901',	'',	1,	'',	'',	2),
(146,	'2014-04-10 04:59:39',	'2014-04-10 04:59:51',	'2014-04-10 05:00:09',	'5001',	'Agent/1001',	'COMPLETECALLER',	'1397120379.158',	'12345678901',	'',	1,	'',	'',	1),
(147,	'2014-04-10 05:01:45',	'2014-04-10 05:01:45',	'2014-04-10 05:01:52',	'5001',	'NONE',	'ABANDON',	'1397120504.167',	'12345678901',	'',	1,	'1',	'1',	1);

DROP TABLE IF EXISTS `vru_features`;
CREATE TABLE `vru_features` (
  `vru_feature_id` tinyint(4) NOT NULL AUTO_INCREMENT,
  `vru_feature` varchar(100) NOT NULL,
  PRIMARY KEY (`vru_feature_id`)
) ENGINE=InnoDB DEFAULT CHARSET=latin1;

INSERT INTO `vru_features` (`vru_feature_id`, `vru_feature`) VALUES
(1,	'settings'),
(2,	'recordings'),
(3,	'search');

DROP TABLE IF EXISTS `vru_user`;
CREATE TABLE `vru_user` (
  `user_id` tinyint(4) NOT NULL AUTO_INCREMENT,
  `user_login` varchar(30) DEFAULT NULL,
  `user_fullname` varchar(50) DEFAULT NULL,
  `user_password` varchar(100) DEFAULT NULL,
  `user_active` tinyint(4) DEFAULT '1',
  `user_pid` varchar(40) DEFAULT NULL,
  PRIMARY KEY (`user_id`),
  UNIQUE KEY `user_pid` (`user_pid`)
) ENGINE=InnoDB DEFAULT CHARSET=latin1;

INSERT INTO `vru_user` (`user_id`, `user_login`, `user_fullname`, `user_password`, `user_active`, `user_pid`) VALUES
(26,	'admin',	'superadmin user',	'9d4e1e23bd5b727046a9e3b4b7db57bd8d6ee684',	1,	'79bd54b971d7c9301d06c80a6721b82cab97f2ed');

DROP TABLE IF EXISTS `vru_user_acl`;
CREATE TABLE `vru_user_acl` (
  `vru_user_id` tinyint(4) NOT NULL,
  `vru_feature_id` tinyint(4) NOT NULL,
  KEY `vru_feature_id` (`vru_feature_id`)
) ENGINE=InnoDB DEFAULT CHARSET=latin1;

INSERT INTO `vru_user_acl` (`vru_user_id`, `vru_feature_id`) VALUES
(14,	2),
(14,	3),
(25,	2),
(25,	3),
(26,	1),
(26,	2),
(26,	3),
(1,	1),
(1,	2),
(1,	3),
(27,	2),
(27,	3),
(27,	1);

DROP TABLE IF EXISTS `vru_user_agents`;
CREATE TABLE `vru_user_agents` (
  `vru_user_id` tinyint(4) NOT NULL,
  `agent_id` int(11) NOT NULL,
  UNIQUE KEY `vru_user_id_agent_id` (`vru_user_id`,`agent_id`)
) ENGINE=InnoDB DEFAULT CHARSET=latin1;

INSERT INTO `vru_user_agents` (`vru_user_id`, `agent_id`) VALUES
(1,	8),
(1,	9),
(14,	2),
(14,	3),
(25,	2),
(26,	2),
(26,	3),
(26,	4),
(26,	5),
(26,	8),
(26,	9),
(26,	10),
(26,	26),
(27,	4),
(27,	5);

DROP TABLE IF EXISTS `vru_user_queues`;
CREATE TABLE `vru_user_queues` (
  `vru_user_id` tinyint(4) NOT NULL,
  `queue_id` int(11) NOT NULL,
  UNIQUE KEY `vru_user_id_queue_id` (`vru_user_id`,`queue_id`)
) ENGINE=InnoDB DEFAULT CHARSET=latin1;

INSERT INTO `vru_user_queues` (`vru_user_id`, `queue_id`) VALUES
(1,	3),
(1,	6),
(14,	2),
(14,	3),
(25,	2),
(26,	2),
(26,	4),
(27,	2),
(27,	3);

DROP TABLE IF EXISTS `agents_view`;
CREATE ALGORITHM=UNDEFINED SQL SECURITY DEFINER VIEW `agents_view` AS select `qagent`.`agent_id` AS `agent_id`,`qagent`.`agent` AS `agent`,`pbx_users`.`name` AS `name`,if((locate(_utf8'/',`qagent`.`agent`) > 0),substr(`qagent`.`agent`,(locate(_utf8'/',`qagent`.`agent`) + 1)),`qagent`.`agent`) AS `extension` from (`qagent` left join `pbx_users` on((substr(`qagent`.`agent`,(locate(_utf8'/',`qagent`.`agent`) + 1)) = convert(`pbx_users`.`extension` using utf8))));

DROP TABLE IF EXISTS `queues_view`;
CREATE ALGORITHM=UNDEFINED SQL SECURITY DEFINER VIEW `queues_view` AS select `qname`.`queue_id` AS `queue_id`,`qname`.`queue` AS `queue`,`queues`.`descr` AS `queue_name` from (`qname` left join `pbx_queues_config` `queues` on((`qname`.`queue` = convert(`queues`.`extension` using utf8))));
